"ID","Task","Percent","Step","Rating","zRating"
"S100308","BNB",0,1,3,-0.297269460267925
"S103286","BNB",0,1,3.7,-0.853869178802301
"S107926","BNB",0,1,5,0.260705907895955
"S109121","BNB",0,1,3.9,-0.0973537265022393
"S109238","BNB",0,1,3.2,-0.220635988346905
"S111055","BNB",0,1,5.4,-0.0229750174488014
"S111258","BNB",0,1,5.2,0.209042522423222
"S112298","BNB",0,1,4.9,0.521314418093706
"S117554","BNB",0,1,4.9,-0.28067173947783
"S118340","BNB",0,1,2.3,-0.939130770060475
"S120030","BNB",0,1,4.5,0.16461167128512
"S122036","BNB",0,1,3.9,0.0203269488790422
"S122162","BNB",0,1,4.7,0.253388106884797
"S125394","BNB",0,1,5.2,0.0587415260886239
"S127607","BNB",0,1,5.3,0.0773180763190216
"S128436","BNB",0,1,4.8,0.208150145697683
"S129051","BNB",0,1,5.7,0.426820611474366
"S133258","BNB",0,1,1.1,-0.596716581298283
"S133476","BNB",0,1,6.1,-0.318890203830606
"S139783","BNB",0,1,5,-0.40894967635124
"S141110","BNB",0,1,3.8,-0.214138801856361
"S141340","BNB",0,1,5.8,0.438134007221494
"S148875","BNB",0,1,4.9,0.0406378972883686
"S150164","BNB",0,1,3.7,-0.1072806118542
"S151949","BNB",0,1,4.5,0.501327211571837
"S152497","BNB",0,1,4.9,-0.587771497318678
"S153814","BNB",0,1,5,0.0891704102314965
"S154974","BNB",0,1,4.1,-0.504004619488061
"S155878","BNB",0,1,4.3,-0.348410040036342
"S157145","BNB",0,1,3.7,-0.182667312179206
"S158460","BNB",0,1,3.7,0.0776381958287505
"S160116","BNB",0,1,2.8,-0.902631912935611
"S165922","BNB",0,1,5.8,-0.0910382609809624
"S166180","BNB",0,1,2,-0.562380611590371
"S166469","BNB",0,1,3.1,0.387367612421648
"S167584","BNB",0,1,3.8,-0.220489495410074
"S168318","BNB",0,1,4.2,-0.261508477374628
"S169734","BNB",0,1,2.3,-0.717033249346879
"S170685","BNB",0,1,5.7,0.752024060215463
"S173721","BNB",0,1,6.9,-0.054553280931975
"S173838","BNB",0,1,1.6,-0.977655951628707
"S178112","BNB",0,1,3.8,-0.600544956874413
"S178377","BNB",0,1,3.8,-0.506350673167411
"S178608","BNB",0,1,6.5,0.869058169183107
"S186028","BNB",0,1,4.9,-0.233598395248829
"S186663","BNB",0,1,4.1,-0.312457650067248
"S189738","BNB",0,1,6.7,0.566378924380418
"S190971","BNB",0,1,3.6,0.0292529808997973
"S192386","BNB",0,1,4.3,0.290516761900208
"S193331","BNB",0,1,3,0.0853778530375585
"S194682","BNB",0,1,5.3,0.439590610454922
"S196939","BNB",0,1,5.8,-0.397907073982972
"S197188","BNB",0,1,4.4,-0.594323997095559
"S197761","BNB",0,1,4.4,0.231278596634556
"S199274","BNB",0,1,5.3,-0.342042616379574
"S199712","BNB",0,1,3.1,-0.0630449688356933
"S221427","BNB",0,1,5.3,-0.911639508706584
"S222845","BNB",0,1,1.1,-0.499426177756242
"S232880","BNB",0,1,4.6,-0.371388292314076
"S237727","BNB",0,1,7,0.832670256627171
"S263935","BNB",0,1,1.5,-0.319274469284424
"S265251","BNB",0,1,4,0.0108168508139548
"S299875","BNB",0,1,4.6,-0.0871759350145438
"S318311","BNB",0,1,2.3,-0.490101925568626
"S351463","BNB",0,1,6.6,-0.757980621027695
"S351739","BNB",0,1,4.4,-0.700234005610205
"S356783","BNB",0,1,4.6,-0.087892079949963
"S357531","BNB",0,1,5.1,-0.110588374115958
"S359815","BNB",0,1,2.7,-0.46738155063822
"S370367","BNB",0,1,3.7,-0.126981338609379
"S407465","BNB",0,1,4,0.483104042743018
"S409611","BNB",0,1,4,-0.0102951890629781
"S421791","BNB",0,1,2.7,0.197984836593049
"S426279","BNB",0,1,5.6,0.465488981033532
"S443739","BNB",0,1,2.4,-0.57416201617497
"S450951","BNB",0,1,2.1,-0.445099851600148
"S466283","BNB",0,1,3.5,-0.362630679477813
"S513236","BNB",0,1,6.1,-1.07867468427496
"S597823","BNB",0,1,3.1,0.11888209737124
"S601451","BNB",0,1,3.8,-0.408861161201794
"S701547","BNB",0,1,4,0.172509895943708
"S703335","BNB",0,1,3.1,-0.480893960724355
"S749123","BNB",0,1,4,0.230363161070902
"S7529","BNB",0,1,4,0.0304886576718534
"S769971","BNB",0,1,5.2,0.0579254945433365
"S805681","BNB",0,1,4.2,0.162927492937992
"S83419","BNB",0,1,4.3,-0.298264418265535
"S8519","BNB",0,1,3,-0.569854879033205
"S929127","BNB",0,1,1.8,-0.233891543484225
"S930399","BNB",0,1,3.4,0.0626311926555812
"S930683","BNB",0,1,1.6,-0.883713682613681
"S93491","BNB",0,1,4.5,0.191828547638587
"S982891","BNB",0,1,7.6,0.547651266737831
"S101436","CONTROL",0,1,2.8,-0.697825227653123
"S103836","CONTROL",0,1,5.8,-0.068519595706312
"S103948","CONTROL",0,1,4.5,-0.291967500568575
"S104466","CONTROL",0,1,3.9,-0.917401368871329
"S105714","CONTROL",0,1,3.2,-0.278726489317259
"S107615","CONTROL",0,1,1.8,-0.363347523297014
"S111200","CONTROL",0,1,6.2,1.01584322551029e-15
"S112557","CONTROL",0,1,3,-0.423149431617766
"S114076","CONTROL",0,1,4.4,0.104729995731866
"S117646","CONTROL",0,1,4.6,-0.624654116615301
"S121049","CONTROL",0,1,5.4,-0.315510205827899
"S127067","CONTROL",0,1,4.5,-0.589194108419062
"S128865","CONTROL",0,1,3.3,-0.329612566173398
"S128920","CONTROL",0,1,2.5,-0.522396055987904
"S130610","CONTROL",0,1,3.3,-0.38614004476936
"S133456","CONTROL",0,1,5,-0.336986330728152
"S133815","CONTROL",0,1,3,-0.0731097090569699
"S134059","CONTROL",0,1,2.4,-0.692622429412902
"S139912","CONTROL",0,1,4,-0.634111787547153
"S146367","CONTROL",0,1,3.8,-0.59466946302197
"S151372","CONTROL",0,1,2.5,-0.601176766680031
"S155197","CONTROL",0,1,3.8,-0.54488556992503
"S156430","CONTROL",0,1,5.6,-0.402028732953751
"S159029","CONTROL",0,1,4.5,-0.619574710941152
"S159566","CONTROL",0,1,4.7,-0.37268475576066
"S166476","CONTROL",0,1,4,-0.275355319570054
"S166785","CONTROL",0,1,6.5,-0.242402229320841
"S169612","CONTROL",0,1,4.9,-0.547896585777185
"S170151","CONTROL",0,1,4.6,-0.0528745974613512
"S170500","CONTROL",0,1,2.5,-0.505457923054555
"S172752","CONTROL",0,1,2.8,-0.39398435000543
"S173400","CONTROL",0,1,4.3,-0.575700894070125
"S173566","CONTROL",0,1,3.6,-0.440259303008533
"S174250","CONTROL",0,1,3.3,-0.39779921606142
"S175492","CONTROL",0,1,5.7,-0.293702812781761
"S176552","CONTROL",0,1,5.1,0.250896950217799
"S177092","CONTROL",0,1,5.1,-0.297080017253876
"S177540","CONTROL",0,1,4.3,-0.412935885975721
"S178208","CONTROL",0,1,2.1,-0.696874396343018
"S178617","CONTROL",0,1,4.3,0.258077790231333
"S184178","CONTROL",0,1,1.7,0.250411348458373
"S187259","CONTROL",0,1,3.6,-0.102921370725387
"S190265","CONTROL",0,1,5.2,0.104666646453331
"S192073","CONTROL",0,1,2.6,-0.842014700501757
"S195050","CONTROL",0,1,5.3,0.0422162361557743
"S25876","CONTROL",0,1,5.6,-0.753948317453097
"S299036","CONTROL",0,1,3,0.0166509736024888
"S312604","CONTROL",0,1,2.7,-0.167875867653368
"S320144","CONTROL",0,1,3.6,-0.101470336178409
"S331344","CONTROL",0,1,4.9,-1.04112289889748
"S337316","CONTROL",0,1,5.9,-0.0522821623474741
"S34288","CONTROL",0,1,5.4,-0.135056429795987
"S345504","CONTROL",0,1,3,-0.560740316243592
"S346580","CONTROL",0,1,2,-1.026916210824
"S371276","CONTROL",0,1,3.7,-0.582786216892476
"S378572","CONTROL",0,1,3.6,-0.127732292351548
"S401784","CONTROL",0,1,3.6,-0.331379269970707
"S424424","CONTROL",0,1,5.3,-0.332502554805112
"S425752","CONTROL",0,1,7.3,0.442239051671392
"S458528","CONTROL",0,1,4,-0.237034948921692
"S476264","CONTROL",0,1,2,-0.154238731225229
"S493900","CONTROL",0,1,2.3,-0.774028249049471
"S517196","CONTROL",0,1,4.1,0.227015261938207
"S547912","CONTROL",0,1,3.3,-0.0795185530904127
"S550104","CONTROL",0,1,3.4,-0.324184163432064
"S556552","CONTROL",0,1,3.3,0.0207765293827832
"S591336","CONTROL",0,1,2,0.0435443892644318
"S600444","CONTROL",0,1,1.1,-0.284842908871399
"S647412","CONTROL",0,1,2.7,-0.265640985511445
"S700620","CONTROL",0,1,5.7,-0.437770234491881
"S714848","CONTROL",0,1,4,-0.989604447440364
"S740456","CONTROL",0,1,4.2,-0.549186541697492
"S742940","CONTROL",0,1,3.4,-0.0854088884781551
"S853788","CONTROL",0,1,4.1,0.230127082088203
"S859252","CONTROL",0,1,2.7,-0.972018161493664
"S87776","CONTROL",0,1,4.9,-0.905627324458657
"S914816","CONTROL",0,1,3.4,-0.346249824566291
"S967984","CONTROL",0,1,2,-0.219442410410453
"S97756","CONTROL",0,1,1.6,-0.814095568030365
"S979196","CONTROL",0,1,4.3,-0.283391526816411
"S99220","CONTROL",0,1,1.6,-0.754960403040034
"S100268","GCNB",0,1,3.1,-0.438870932649775
"S101426","GCNB",0,1,3.8,-0.299329887257711
"S108206","GCNB",0,1,2.7,-0.304306866246496
"S111581","GCNB",0,1,5,-0.61734826566443
"S112781","GCNB",0,1,2.4,-0.699197237071626
"S116638","GCNB",0,1,4.8,0.469137489465006
"S120038","GCNB",0,1,4.9,-0.700823316609864
"S120670","GCNB",0,1,4.4,0.463022284376682
"S121625","GCNB",0,1,3.9,-0.713262672001974
"S122128","GCNB",0,1,2.5,-0.129660191823891
"S122977","GCNB",0,1,3.7,-0.26461838937178
"S124926","GCNB",0,1,2.9,-0.397620837440541
"S125602","GCNB",0,1,4.7,0.264641722740692
"S126780","GCNB",0,1,5.1,-0.0723592189333594
"S127274","GCNB",0,1,5.5,-0.225737555758057
"S133325","GCNB",0,1,3.1,-0.319300285533738
"S135584","GCNB",0,1,5,-0.341310622485212
"S137608","GCNB",0,1,4.4,-0.263135891293508
"S139710","GCNB",0,1,5.9,-0.0875631385185829
"S147341","GCNB",0,1,6.4,-0.291300995239233
"S147513","GCNB",0,1,3.9,-0.0726300187059393
"S150595","GCNB",0,1,4.2,-0.411331710774232
"S154306","GCNB",0,1,5.7,-0.029198942910247
"S157684","GCNB",0,1,4.2,-0.018725388101649
"S158868","GCNB",0,1,4.7,-0.732795603201813
"S162928","GCNB",0,1,3.2,-0.400543499681896
"S164665","GCNB",0,1,3.4,-0.0894037478636324
"S165163","GCNB",0,1,6.1,0.363778643816804
"S165861","GCNB",0,1,3.2,-0.57870700929206
"S168489","GCNB",0,1,1.8,-0.553570140738008
"S169936","GCNB",0,1,4.2,-0.225913652598353
"S170565","GCNB",0,1,4.9,-0.582024389736194
"S172340","GCNB",0,1,5.2,0.341513014358115
"S173118","GCNB",0,1,4.7,-0.0162614988309245
"S175338","GCNB",0,1,6.2,0.147261052326057
"S176867","GCNB",0,1,3.3,-0.28586758541958
"S179843","GCNB",0,1,1.7,-0.270005584688797
"S183974","GCNB",0,1,5.3,-0.368563008308544
"S185803","GCNB",0,1,5.1,-0.133563753208903
"S189376","GCNB",0,1,4.9,-0.492297157971421
"S191428","GCNB",0,1,6.4,-0.267083897323333
"S194355","GCNB",0,1,4.6,-0.127985072729197
"S196126","GCNB",0,1,3.8,-0.138710287536954
"S21298","GCNB",0,1,1.7,-0.619624424516105
"S219146","GCNB",0,1,5.5,-0.0678332164489692
"S27790","GCNB",0,1,6.2,0.269939951231128
"S313330","GCNB",0,1,5.9,0.109783875807902
"S365962","GCNB",0,1,1.3,-0.888241237406047
"S382422","GCNB",0,1,4.1,0.172900503120068
"S38498","GCNB",0,1,6.2,0.607667983618852
"S415834","GCNB",0,1,4,-0.396468606312552
"S42010","GCNB",0,1,6,0.774541214285747
"S42186","GCNB",0,1,3.4,0.296855919587536
"S49024","GCNB",0,1,5.6,0.185698614255871
"S515930","GCNB",0,1,3.8,-1.01426958450732
"S522522","GCNB",0,1,3.5,-0.978759237349157
"S528178","GCNB",0,1,5.7,-1.13195480401016
"S528750","GCNB",0,1,2.6,-0.84264246457418
"S557898","GCNB",0,1,4.5,-0.669919612599242
"S559274","GCNB",0,1,5.7,0.0786482380123692
"S59401","GCNB",0,1,3.9,-0.587771497318678
"S629815","GCNB",0,1,4.1,-0.0408365872585876
"S670417","GCNB",0,1,4.2,-0.449079154333016
"S67246","GCNB",0,1,5.3,-0.245028287757567
"S703286","GCNB",0,1,4.4,0.0999434253402007
"S708454","GCNB",0,1,4.9,0.411062907896714
"S7238","GCNB",0,1,6,0.236344143808654
"S736774","GCNB",0,1,4.1,-0.222569914436111
"S740938","GCNB",0,1,1.9,-0.627898630201643
"S742526","GCNB",0,1,4.5,-0.101833093139465
"S809282","GCNB",0,1,3.4,-0.022307815359
"S814770","GCNB",0,1,2.3,-0.501930236451392
"S817510","GCNB",0,1,4.6,0.437356252167123
"S827814","GCNB",0,1,4.7,-0.285637956206691
"S872282","GCNB",0,1,2.9,-0.515784740279397
"S873154","GCNB",0,1,5.2,-0.471375973466409
"S888710","GCNB",0,1,4,-0.646608036810259
"S893382","GCNB",0,1,2.8,-0.323051495237303
"S100645","MF",0,1,1.8,-0.64799069043209
"S102327","MF",0,1,1.6,-0.69384327940609
"S102624","MF",0,1,6,-1.06249864777946
"S104332","MF",0,1,4.6,0.0496948122317299
"S104905","MF",0,1,3.4,-0.342366719076191
"S106426","MF",0,1,6.2,0.195759478742705
"S106590","MF",0,1,3.1,-0.18171748321002
"S107841","MF",0,1,5.9,0.172854397656059
"S110825","MF",0,1,3.4,-0.613189169847504
"S111925","MF",0,1,2,-0.371631271599841
"S112377","MF",0,1,6,0.386502041874201
"S11313","MF",0,1,4.4,0.132655158458657
"S116301","MF",0,1,2.1,-0.256126857158888
"S116783","MF",0,1,4.8,0.212687423437463
"S118113","MF",0,1,2.7,-0.736532186575631
"S124057","MF",0,1,6.6,0.494226784299079
"S126799","MF",0,1,4,-0.627888009687535
"S134698","MF",0,1,2.4,-0.437459570202766
"S135698","MF",0,1,5.2,0.0101412396767111
"S138343","MF",0,1,4.8,0.160634209715633
"S139034","MF",0,1,1.8,-0.344045033995906
"S139222","MF",0,1,3.5,-0.617169237700509
"S143665","MF",0,1,3.9,0.0840588832907038
"S146106","MF",0,1,3.4,-0.259868984387068
"S147257","MF",0,1,3.9,0.0268163511778964
"S152279","MF",0,1,4,-0.270708268148552
"S153486","MF",0,1,5.3,0.214815271532141
"S153846","MF",0,1,3.8,0.382810055672472
"S159064","MF",0,1,3,-0.366925588303375
"S160715","MF",0,1,3.3,-0.651831906216847
"S163836","MF",0,1,4.4,0.428803463436074
"S165219","MF",0,1,3,-0.685557263874593
"S165565","MF",0,1,4.9,-0.142699135575791
"S176939","MF",0,1,4.8,-0.378468359623675
"S182590","MF",0,1,4.4,-0.191765372886638
"S183153","MF",0,1,5.2,-0.398407268271147
"S186017","MF",0,1,5.7,0.190472007914069
"S187171","MF",0,1,3.4,0.474763016637189
"S188925","MF",0,1,2.9,-1.01904649316656
"S192012","MF",0,1,2.6,-0.467559419210519
"S194097","MF",0,1,9,0.526045812751956
"S194645","MF",0,1,5.3,-0.663050559089726
"S194863","MF",0,1,2,-0.040973108006167
"S197042","MF",0,1,7.2,0.559789615270248
"S198209","MF",0,1,2.9,-0.926348204610519
"S20389","MF",0,1,4.7,0.277447577824457
"S213345","MF",0,1,3.1,-0.547920644471598
"S22164","MF",0,1,3.3,-0.2553824233638
"S236477","MF",0,1,7.1,0.296431425475367
"S267330","MF",0,1,5.6,-0.447639122803491
"S282477","MF",0,1,4.6,-0.13720627286173
"S284973","MF",0,1,4.7,-0.400598694934704
"S349627","MF",0,1,6.3,-0.0905764715478726
"S361734","MF",0,1,2.3,0.0477263709004382
"S387505","MF",0,1,3.7,-0.267761800127996
"S428653","MF",0,1,2.4,0.169944278325629
"S472335","MF",0,1,2.2,-0.63455797099932
"S496806","MF",0,1,1.6,-0.846394533357497
"S562049","MF",0,1,4.1,-0.659429166382442
"S570213","MF",0,1,5.5,-0.871312432847232
"S575325","MF",0,1,3,-0.0628546480207954
"S600925","MF",0,1,3.3,-0.473179295071571
"S602970","MF",0,1,2.4,-0.684820184473546
"S615193","MF",0,1,4.7,0.143489772044976
"S615669","MF",0,1,4.7,-0.71981511710779
"S616430","MF",0,1,6,-0.284872697086072
"S623437","MF",0,1,3.5,-0.598126926924228
"S6293","MF",0,1,6.4,0.290229929863898
"S695197","MF",0,1,4.4,0.271842426940214
"S709881","MF",0,1,4.3,0.335251912044375
"S762444","MF",0,1,4.4,0.796764517849742
"S767745","MF",0,1,4.8,-0.241269450885464
"S791626","MF",0,1,3.7,-0.556840526711077
"S798456","MF",0,1,4.7,-0.331207394499547
"S816021","MF",0,1,5.6,0.267977087260052
"S858365","MF",0,1,3.8,-0.598921320654397
"S914317","MF",0,1,3.2,0.0183904065867727
"S95626","MF",0,1,1.1,-0.127047428449528
"S956845","MF",0,1,3.4,0.0767772027568368
"S992485","MF",0,1,3.8,0.311753586672553
"S100308","BNB",10,2,2.8,-0.385646867374605
"S103286","BNB",10,2,4.3,-0.254344010707069
"S107926","BNB",10,2,4.8,0.166680826359709
"S109121","BNB",10,2,4.4,0.259609937339306
"S109238","BNB",10,2,3.5,0.00689487463584073
"S111055","BNB",10,2,6.2,0.482475366424826
"S111258","BNB",10,2,5.6,0.451091758913268
"S112298","BNB",10,2,4.7,0.396652274636514
"S117554","BNB",10,2,5.1,-0.0990606139333516
"S118340","BNB",10,2,2.5,-0.797617914297937
"S120030","BNB",10,2,5.3,0.501491370659317
"S122036","BNB",10,2,4.2,0.243923386548503
"S122162","BNB",10,2,4.6,0.171409601716186
"S125394","BNB",10,2,5.6,0.345922320299676
"S127607","BNB",10,2,5.7,0.360817689488762
"S128436","BNB",10,2,4.9,0.262665660047077
"S129051","BNB",10,2,6,0.68765542959759
"S133258","BNB",10,2,1.6,-0.268522461584228
"S133476","BNB",10,2,6,-0.398612754788258
"S139783","BNB",10,2,5,-0.40894967635124
"S141110","BNB",10,2,4,-0.0901637060447836
"S141340","BNB",10,2,5.5,0.193076003182354
"S148875","BNB",10,2,5.1,0.18964352067905
"S150164","BNB",10,2,3.8,-0.0335251912044373
"S151949","BNB",10,2,4.4,0.395277224508563
"S152497","BNB",10,2,5.1,-0.408174650915749
"S153814","BNB",10,2,5.1,0.164622295811994
"S154974","BNB",10,2,4.4,-0.308332237804461
"S155878","BNB",10,2,3.8,-0.839757532395287
"S157145","BNB",10,2,4.3,0.182667312179206
"S158460","BNB",10,2,4,0.260642514567948
"S160116","BNB",10,2,4.8,0.0167154057951043
"S165922","BNB",10,2,6.3,0.409672174414338
"S166180","BNB",10,2,2.3,-0.364949120287369
"S166469","BNB",10,2,2.9,0.260172276999615
"S167584","BNB",10,2,3.4,-0.426905193240783
"S168318","BNB",10,2,4.3,-0.15877300412031
"S169734","BNB",10,2,2.5,-0.488413952453672
"S170685","BNB",10,2,5.6,0.685312248422155
"S173721","BNB",10,2,6.9,-0.054553280931976
"S173838","BNB",10,2,3,-0.345055041751309
"S178112","BNB",10,2,3.9,-0.504805905778492
"S178377","BNB",10,2,4.8,-0.0968023345761228
"S178608","BNB",10,2,6.3,0.746498683785489
"S186028","BNB",10,2,5,-0.116799197624414
"S186663","BNB",10,2,4,-0.476125942959617
"S189738","BNB",10,2,6.3,0.289482561349992
"S190971","BNB",10,2,4,0.286679212818024
"S192386","BNB",10,2,4.4,0.36846028338563
"S193331","BNB",10,2,3.1,0.152460451852782
"S194682","BNB",10,2,5,0.1805461435797
"S196939","BNB",10,2,6,-0.18947955903951
"S197188","BNB",10,2,4,-0.843374053021316
"S197761","BNB",10,2,3.5,-0.387547918684931
"S199274","BNB",10,2,5.5,-0.188472462086704
"S199712","BNB",10,2,3.2,0.0360256964775364
"S221427","BNB",10,2,6.5,-0.264669534785782
"S222845","BNB",10,2,1.1,-0.499426177756242
"S232880","BNB",10,2,5.6,0.28752641985606
"S237727","BNB",10,2,7.2,0.931158136443289
"S263935","BNB",10,2,2.3,0.231630497323994
"S265251","BNB",10,2,4.3,0.189294889244214
"S299875","BNB",10,2,4.5,-0.167087208777874
"S318311","BNB",10,2,2.6,-0.268549000311576
"S351463","BNB",10,2,6.8,-0.370176582362363
"S351739","BNB",10,2,4.4,-0.700234005610204
"S356783","BNB",10,2,4.9,0.175784159899924
"S357531","BNB",10,2,5.2,-0.0390311908644561
"S359815","BNB",10,2,3.5,0.0737970869428757
"S370367","BNB",10,2,3.8,-3.99680288865056e-16
"S407465","BNB",10,2,3.6,0.266200186817581
"S409611","BNB",10,2,4,-0.0102951890629779
"S421791","BNB",10,2,3,0.449273283038072
"S426279","BNB",10,2,5.8,0.595118823852996
"S443739","BNB",10,2,3.7,0.110047719766869
"S450951","BNB",10,2,3.2,0.552253519577963
"S466283","BNB",10,2,4.7,0.293085069714942
"S513236","BNB",10,2,6.2,-0.985246168314137
"S597823","BNB",10,2,3.4,0.305696821811761
"S601451","BNB",10,2,4.3,-0.116817474629084
"S701547","BNB",10,2,5.6,0.895408507517344
"S703335","BNB",10,2,3.2,-0.413075581647843
"S749123","BNB",10,2,3.9,0.184290528856721
"S7529","BNB",10,2,5.6,0.56708903269646
"S769971","BNB",10,2,5,-0.083670158784824
"S805681","BNB",10,2,4.6,0.401887815913715
"S83419","BNB",10,2,3.4,-1.01846386724817
"S8519","BNB",10,2,3.9,0.0500971322226992
"S929127","BNB",10,2,2.4,0.383582131314132
"S930399","BNB",10,2,4.1,0.46451467886221
"S930683","BNB",10,2,2.2,-0.461068008320181
"S93491","BNB",10,2,4.4,0.129766370461396
"S982891","BNB",10,2,7.4,0.440076910771472
"S101436","CONTROL",10,2,2.9,-0.62540940214195
"S103836","CONTROL",10,2,6.6,0.395305359844107
"S103948","CONTROL",10,2,5.2,0.0890748306819368
"S104466","CONTROL",10,2,4.4,-0.466891768086302
"S105714","CONTROL",10,2,3,-0.428287044560665
"S107615","CONTROL",10,2,2.6,0.397952049325304
"S111200","CONTROL",10,2,6.4,0.13111990322633
"S112557","CONTROL",10,2,3.5,-0.158681036856661
"S114076","CONTROL",10,2,4,-0.114704281039662
"S117646","CONTROL",10,2,4.5,-0.677105989002844
"S121049","CONTROL",10,2,6.1,0.0763331143132021
"S127067","CONTROL",10,2,5.4,-0.0863474124407257
"S128865","CONTROL",10,2,4.5,0.266399197318224
"S128920","CONTROL",10,2,2.8,-0.389787826390974
"S130610","CONTROL",10,2,3.7,-0.120668763990423
"S133456","CONTROL",10,2,5.4,-0.0939142233176823
"S133815","CONTROL",10,2,3.1,-0.00609247575474656
"S134059","CONTROL",10,2,2.8,-0.442824176182019
"S139912","CONTROL",10,2,4.3,-0.301957994070072
"S146367","CONTROL",10,2,4.1,-0.422528302673504
"S151372","CONTROL",10,2,2.5,-0.601176766680032
"S155197","CONTROL",10,2,4.1,-0.268251357501552
"S156430","CONTROL",10,2,6,0.0515421452504843
"S159029","CONTROL",10,2,4.6,-0.526214138059608
"S159566","CONTROL",10,2,5.1,-0.162452329434134
"S166476","CONTROL",10,2,4.3,-0.0734280852186823
"S166785","CONTROL",10,2,6.4,-0.349059210222011
"S169612","CONTROL",10,2,4.9,-0.547896585777184
"S170151","CONTROL",10,2,5.1,0.31063826008544
"S170500","CONTROL",10,2,2.3,-0.616658666126557
"S172752","CONTROL",10,2,2.8,-0.39398435000543
"S173400","CONTROL",10,2,4.9,-0.0757501176408063
"S173566","CONTROL",10,2,3.6,-0.440259303008533
"S174250","CONTROL",10,2,3.4,-0.344435906589765
"S175492","CONTROL",10,2,5.5,-0.443969368158476
"S176552","CONTROL",10,2,5.4,0.388890272837588
"S177092","CONTROL",10,2,5.3,-0.166364809662172
"S177540","CONTROL",10,2,4.6,-0.177989606024017
"S178208","CONTROL",10,2,2.2,-0.658736991568027
"S178617","CONTROL",10,2,4.7,0.476451305042462
"S184178","CONTROL",10,2,1.9,0.525863831762581
"S187259","CONTROL",10,2,3.9,0.0514606853626921
"S190265","CONTROL",10,2,6,0.505130337231293
"S192073","CONTROL",10,2,2.8,-0.744002407321659
"S195050","CONTROL",10,2,4.6,-0.253297416934656
"S25876","CONTROL",10,2,6.1,-0.25434401070707
"S299036","CONTROL",10,2,3.1,0.108231328416176
"S312604","CONTROL",10,2,2.7,-0.167875867653368
"S320144","CONTROL",10,2,4,0.344999143006591
"S331344","CONTROL",10,2,5.6,-0.399791193176632
"S337316","CONTROL",10,2,6.1,0.0914937841080802
"S34288","CONTROL",10,2,5.6,0.0935006052433752
"S345504","CONTROL",10,2,3.6,-0.227327155233889
"S346580","CONTROL",10,2,2.2,-0.853130390530708
"S371276","CONTROL",10,2,3.9,-0.336222817437966
"S378572","CONTROL",10,2,3.9,0.0941185312064031
"S401784","CONTROL",10,2,3.9,-0.0509814261493399
"S424424","CONTROL",10,2,5.5,-0.117353842872393
"S425752","CONTROL",10,2,7.4,0.54799186837542
"S458528","CONTROL",10,2,4.4,0.237034948921693
"S476264","CONTROL",10,2,2.3,0.572886715979422
"S493900","CONTROL",10,2,2.8,-0.504588035772756
"S517196","CONTROL",10,2,4.5,0.539161247103242
"S547912","CONTROL",10,2,3.4,-0.0122336235523713
"S550104","CONTROL",10,2,3.4,-0.324184163432064
"S556552","CONTROL",10,2,3.7,0.325498960330288
"S591336","CONTROL",10,2,1.9,-0.0522532671173172
"S600444","CONTROL",10,2,1.2,-0.0438219859802156
"S647412","CONTROL",10,2,3,-0.111848836004818
"S700620","CONTROL",10,2,6.1,-0.019033488456168
"S714848","CONTROL",10,2,4.7,-0.630172643417213
"S740456","CONTROL",10,2,4.2,-0.549186541697492
"S742940","CONTROL",10,2,3.6,0.102490666173787
"S853788","CONTROL",10,2,4.3,0.40470624781029
"S859252","CONTROL",10,2,4.2,0.104377789153683
"S87776","CONTROL",10,2,5.2,-0.693671993202375
"S914816","CONTROL",10,2,4.7,0.351126582658771
"S967984","CONTROL",10,2,2.1,-0.130039946909898
"S97756","CONTROL",10,2,1.9,-0.615094429178498
"S979196","CONTROL",10,2,4.5,-0.134948346103053
"S99220","CONTROL",10,2,2.2,-0.475031264834179
"S100268","GCNB",10,2,3.8,-0.202555815069127
"S101426","GCNB",10,2,3.8,-0.29932988725771
"S108206","GCNB",10,2,1.8,-0.573292399803666
"S111581","GCNB",10,2,5.3,-0.246939306265772
"S112781","GCNB",10,2,2.6,-0.538964536909378
"S116638","GCNB",10,2,4.5,0.311162620563524
"S120038","GCNB",10,2,5.2,-0.345020709715626
"S120670","GCNB",10,2,4.7,0.625572660806793
"S121625","GCNB",10,2,4.2,-0.491209198642869
"S122128","GCNB",10,2,2.3,-0.307942955581743
"S122977","GCNB",10,2,4.3,0.183197346488156
"S124926","GCNB",10,2,2.6,-0.590583890904334
"S125602","GCNB",10,2,4.8,0.33564316054917
"S126780","GCNB",10,2,5.6,0.233775938092396
"S127274","GCNB",10,2,5.8,0.0501639012795698
"S133325","GCNB",10,2,3.7,0.0859654614898528
"S135584","GCNB",10,2,5.2,-0.13273190874425
"S137608","GCNB",10,2,4.9,0.0322207213828794
"S139710","GCNB",10,2,6.4,0.213435150139048
"S147341","GCNB",10,2,6.6,-0.131085447857655
"S147513","GCNB",10,2,4,-0.0345857231933051
"S150595","GCNB",10,2,4.8,-0.0992869646696434
"S154306","GCNB",10,2,5.9,0.291989429102497
"S157684","GCNB",10,2,4.1,-0.121715022660717
"S158868","GCNB",10,2,4.8,-0.660176219100732
"S162928","GCNB",10,2,4,-0.101833093139465
"S164665","GCNB",10,2,3.2,-0.174920376254935
"S165163","GCNB",10,2,6,0.128392462523578
"S165861","GCNB",10,2,3.2,-0.57870700929206
"S168489","GCNB",10,2,2.2,-0.245252593997851
"S169936","GCNB",10,2,4.2,-0.225913652598354
"S170565","GCNB",10,2,5.4,-0.176817536122386
"S172340","GCNB",10,2,5,0.10672281698691
"S173118","GCNB",10,2,4.5,-0.195137985971105
"S175338","GCNB",10,2,6.2,0.147261052326057
"S176867","GCNB",10,2,3.3,-0.285867585419581
"S179843","GCNB",10,2,1.3,-0.528271796130254
"S183974","GCNB",10,2,5.7,-0.0567020012782367
"S185803","GCNB",10,2,5,-0.203525719175473
"S189376","GCNB",10,2,5.1,-0.302287728578943
"S191428","GCNB",10,2,6.4,-0.267083897323333
"S194355","GCNB",10,2,4.6,-0.127985072729197
"S196126","GCNB",10,2,2.5,-0.67480680423383
"S21298","GCNB",10,2,2.1,-0.338557675251068
"S219146","GCNB",10,2,5.6,-0.0145356892390639
"S27790","GCNB",10,2,6.3,0.352421602996195
"S313330","GCNB",10,2,6.2,0.300461133790049
"S365962","GCNB",10,2,1.4,-0.76908692507109
"S382422","GCNB",10,2,4.5,0.4546642859824
"S38498","GCNB",10,2,5.6,0.270642043124362
"S415834","GCNB",10,2,4.1,-0.309245512923789
"S42010","GCNB",10,2,6.2,0.866153615975458
"S42186","GCNB",10,2,3.8,0.510981500929366
"S49024","GCNB",10,2,5.9,0.452135756449077
"S515930","GCNB",10,2,4.4,-0.235876647559843
"S522522","GCNB",10,2,3.8,-0.754460245456641
"S528178","GCNB",10,2,6.2,-0.625796151810495
"S528750","GCNB",10,2,2.5,-0.945632099133247
"S557898","GCNB",10,2,4.2,-0.912857494091275
"S559274","GCNB",10,2,5.4,-0.209728634699654
"S59401","GCNB",10,2,4.1,-0.408174650915749
"S629815","GCNB",10,2,3.6,-0.321588124661376
"S670417","GCNB",10,2,4.4,-0.219317726534729
"S67246","GCNB",10,2,5.3,-0.245028287757567
"S703286","GCNB",10,2,4.9,0.443498949947142
"S708454","GCNB",10,2,4.8,0.345531139971151
"S7238","GCNB",10,2,6.2,0.373174963908401
"S736774","GCNB",10,2,4.8,0.267083897323332
"S740938","GCNB",10,2,1.9,-0.627898630201643
"S742526","GCNB",10,2,4.8,0.122199711767358
"S809282","GCNB",10,2,3.4,-0.0223078153590005
"S814770","GCNB",10,2,3.2,0.143408638986112
"S817510","GCNB",10,2,3.9,-0.0971902782593604
"S827814","GCNB",10,2,5.2,0.46246145290607
"S872282","GCNB",10,2,3.4,-0.0859641233798994
"S873154","GCNB",10,2,5.8,-0.0331954910891837
"S888710","GCNB",10,2,4,-0.646608036810259
"S893382","GCNB",10,2,3.4,0.438427029250626
"S100645","MF",10,2,2,-0.379013422705562
"S102327","MF",10,2,2.5,-0.345160616151252
"S102624","MF",10,2,6.7,-0.557483858402801
"S104332","MF",10,2,4.3,-0.132519499284613
"S104905","MF",10,2,3.7,-0.17373833505359
"S106426","MF",10,2,6.3,0.281893649389494
"S106590","MF",10,2,3.5,0.114414711650754
"S107841","MF",10,2,6,0.255523892187219
"S110825","MF",10,2,3.5,-0.518188030857046
"S111925","MF",10,2,1.8,-0.51259485737909
"S112377","MF",10,2,5.3,-0.417840045269406
"S11313","MF",10,2,4.3,0.0596948213063955
"S116301","MF",10,2,2.1,-0.256126857158889
"S116783","MF",10,2,5.1,0.472638718749917
"S118113","MF",10,2,3.4,-0.322568840836043
"S124057","MF",10,2,5.7,0.0612316369928073
"S126799","MF",10,2,4.2,-0.472679737629943
"S134698","MF",10,2,2.8,-0.236957267193165
"S135698","MF",10,2,5.5,0.177471694342443
"S138343","MF",10,2,4.4,-0.0602378286433625
"S139034","MF",10,2,2,-0.277650378312486
"S139222","MF",10,2,4.7,-0.0629764528265808
"S143665","MF",10,2,4.2,0.257430330077776
"S146106","MF",10,2,4.1,0.132482227334583
"S147257","MF",10,2,3.8,-0.0100561316917133
"S152279","MF",10,2,4.4,-0.0580089146032606
"S153486","MF",10,2,5.4,0.25701112844024
"S153846","MF",10,2,3.7,0.330173673017508
"S159064","MF",10,2,3.5,0.0366925588303387
"S160715","MF",10,2,3.5,-0.467981881386454
"S163836","MF",10,2,4.2,0.283669983503864
"S165219","MF",10,2,3.4,-0.462116377871022
"S165565","MF",10,2,5.1,0.00679519693218075
"S176939","MF",10,2,4.7,-0.480008651230027
"S182590","MF",10,2,4.7,-0.0207313916634195
"S183153","MF",10,2,5.5,-0.154936159883224
"S186017","MF",10,2,6.1,0.444434685132825
"S187171","MF",10,2,3.1,0.179155855334788
"S188925","MF",10,2,3.6,-0.522422569281591
"S192012","MF",10,2,2.6,-0.467559419210519
"S194097","MF",10,2,8.5,0.189621165061752
"S194645","MF",10,2,5.4,-0.579216580354243
"S194863","MF",10,2,1.6,-0.266325202040086
"S197042","MF",10,2,6.9,0.31015370575784
"S198209","MF",10,2,3.5,-0.576982596014552
"S20389","MF",10,2,5,0.440943471899582
"S213345","MF",10,2,4.2,-0.0217428827171268
"S22164","MF",10,2,4.2,0.294244966049593
"S236477","MF",10,2,7.3,0.529341831206012
"S267330","MF",10,2,6.2,0.0994753606229987
"S282477","MF",10,2,4.8,2.21488409210546e-15
"S284973","MF",10,2,4.5,-0.545076912780007
"S349627","MF",10,2,6.9,0.307960003262766
"S361734","MF",10,2,2.2,-0.0397719757503646
"S387505","MF",10,2,4,-0.0874324245315903
"S428653","MF",10,2,2.2,-0.0169944278325636
"S472335","MF",10,2,2.9,-0.0528798309166103
"S496806","MF",10,2,1.9,-0.645451946301401
"S562049","MF",10,2,4.4,-0.432750390438477
"S570213","MF",10,2,5.7,-0.625557644095448
"S575325","MF",10,2,3.5,0.25141859208318
"S600925","MF",10,2,4.3,0.111649047151718
"S602970","MF",10,2,2.8,-0.367640309559483
"S615193","MF",10,2,4.8,0.188586557544825
"S615669","MF",10,2,5.5,-0.0799794574564206
"S616430","MF",10,2,6,-0.284872697086071
"S623437","MF",10,2,4.1,-0.269157117115903
"S6293","MF",10,2,6.3,0.225076272139349
"S695197","MF",10,2,4.3,0.203881820205161
"S709881","MF",10,2,4.2,0.261496491394613
"S762444","MF",10,2,3.8,0.314319947408614
"S767745","MF",10,2,6,0.482538901770932
"S791626","MF",10,2,4.4,-0.0958005207244858
"S798456","MF",10,2,5.3,0.0392957925677422
"S816021","MF",10,2,6.3,0.606243246588316
"S858365","MF",10,2,4.3,-0.128340282997371
"S914317","MF",10,2,3.3,0.0858218974049442
"S95626","MF",10,2,1,-0.30173764256763
"S956845","MF",10,2,4.1,0.531534480624253
"S992485","MF",10,2,4.1,0.654682532012364
"S100308","BNB",20,3,3.7,0.0120514646054565
"S103286","BNB",20,3,4.3,-0.254344010707069
"S107926","BNB",20,3,4.6,0.0726557448234631
"S109121","BNB",20,3,4.1,0.0454317390343787
"S109238","BNB",20,3,3.2,-0.220635988346904
"S111055","BNB",20,3,5.2,-0.149337613417208
"S111258","BNB",20,3,5.5,0.390579449790755
"S112298","BNB",20,3,4.3,0.147327987722133
"S117554","BNB",20,3,5,-0.189866176705591
"S118340","BNB",20,3,3.1,-0.373079347010325
"S120030","BNB",20,3,4.7,0.248831596128668
"S122036","BNB",20,3,3.6,-0.203269488790418
"S122162","BNB",20,3,4,-0.320461429295479
"S125394","BNB",20,3,5.5,0.274127121746914
"S127607","BNB",20,3,5.9,0.502567496073632
"S128436","BNB",20,3,4.6,0.099119116998897
"S129051","BNB",20,3,5.6,0.339875672099958
"S133258","BNB",20,3,1.7,-0.202883637641417
"S133476","BNB",20,3,6.4,-0.0797225509576519
"S139783","BNB",20,3,5.2,-0.263838500871768
"S141110","BNB",20,3,4.5,0.219774033484157
"S141340","BNB",20,3,5.7,0.356448005875114
"S148875","BNB",20,3,5.4,0.413151955765077
"S150164","BNB",20,3,4.2,0.261496491394614
"S151949","BNB",20,3,4,-0.0289227237445298
"S152497","BNB",20,3,5.4,-0.138779381311355
"S153814","BNB",20,3,5.1,0.164622295811994
"S154974","BNB",20,3,4.9,0.0177883983348733
"S155878","BNB",20,3,4.4,-0.250140541564553
"S157145","BNB",20,3,4,-9.77007103691863e-16
"S158460","BNB",20,3,4.2,0.382645393727413
"S160116","BNB",20,3,4.2,-0.259088789824111
"S165922","BNB",20,3,5.9,0.0091038260980978
"S166180","BNB",20,3,2.9,0.0299138623186357
"S166469","BNB",20,3,2.9,0.260172276999615
"S167584","BNB",20,3,4.1,-0.0656777220370433
"S168318","BNB",20,3,4.3,-0.158773004120309
"S169734","BNB",20,3,2.3,-0.717033249346879
"S170685","BNB",20,3,4.9,0.218329565869004
"S173721","BNB",20,3,7.1,0.185481155168714
"S173838","BNB",20,3,3.2,-0.254683483197395
"S178112","BNB",20,3,4.2,-0.217588752490729
"S178377","BNB",20,3,4.6,-0.17871200229438
"S178608","BNB",20,3,5.6,0.317540484893826
"S186028","BNB",20,3,4.9,-0.233598395248829
"S186663","BNB",20,3,4.3,0.0148789357174891
"S189738","BNB",20,3,5.8,-0.056637892438042
"S190971","BNB",20,3,3.7,0.0936095388793549
"S192386","BNB",20,3,4.5,0.446403804871051
"S193331","BNB",20,3,3.3,0.286625649483228
"S194682","BNB",20,3,5.6,0.698635077330144
"S196939","BNB",20,3,6.5,0.331589228319145
"S197188","BNB",20,3,4.5,-0.532061483114119
"S197761","BNB",20,3,5.3,0.850105111954042
"S199274","BNB",20,3,5.7,-0.0349023077938341
"S199712","BNB",20,3,3.3,0.135096361790764
"S221427","BNB",20,3,5.8,-0.642068686239583
"S222845","BNB",20,3,1,-0.54373011287978
"S232880","BNB",20,3,5.3,0.0898520062050182
"S237727","BNB",20,3,6.9,0.783426316719113
"S263935","BNB",20,3,2.1,0.0939042556718893
"S265251","BNB",20,3,3.7,-0.167661187616304
"S299875","BNB",20,3,4.8,0.0726466125121196
"S318311","BNB",20,3,2.4,-0.416250950482942
"S351463","BNB",20,3,7,0.0176274563029694
"S351739","BNB",20,3,4.9,-0.0889186038870098
"S356783","BNB",20,3,4.6,-0.0878920799499632
"S357531","BNB",20,3,5.3,0.0325259923870464
"S359815","BNB",20,3,3.2,-0.129144902150035
"S370367","BNB",20,3,3.7,-0.126981338609378
"S407465","BNB",20,3,4.5,0.754233862649815
"S409611","BNB",20,3,4,-0.0102951890629776
"S421791","BNB",20,3,2.6,0.114222021111374
"S426279","BNB",20,3,5.3,0.271044216804334
"S443739","BNB",20,3,3.5,0.00478468346812478
"S450951","BNB",20,3,2.9,0.280248054711206
"S466283","BNB",20,3,4.2,0.0198701742179619
"S513236","BNB",20,3,6.7,-0.518103588510019
"S597823","BNB",20,3,3.4,0.305696821811761
"S601451","BNB",20,3,4.3,-0.116817474629084
"S701547","BNB",20,3,4.3,0.308053385613764
"S703335","BNB",20,3,3.4,-0.277438823494819
"S749123","BNB",20,3,3.8,0.138217896642541
"S7529","BNB",20,3,4.5,0.198176274867043
"S769971","BNB",20,3,5.2,0.0579254945433371
"S805681","BNB",20,3,3.9,-0.0162927492937997
"S83419","BNB",20,3,5.5,0.66200151371131
"S8519","BNB",20,3,4.4,0.394514916253757
"S929127","BNB",20,3,2.3,0.280669852181072
"S930399","BNB",20,3,4.1,0.46451467886221
"S930683","BNB",20,3,2,-0.601949899751348
"S93491","BNB",20,3,4.9,0.440077256347345
"S982891","BNB",20,3,6.7,0.0635666648892129
"S101436","CONTROL",20,3,2.9,-0.62540940214195
"S103836","CONTROL",20,3,6.2,0.163392882068898
"S103948","CONTROL",20,3,4.8,-0.128663644318355
"S104466","CONTROL",20,3,4.5,-0.376789847929296
"S105714","CONTROL",20,3,2.9,-0.50306732218237
"S107615","CONTROL",20,3,2.3,0.112464709591935
"S111200","CONTROL",20,3,6.1,-0.0655599516131633
"S112557","CONTROL",20,3,3.8,1.36834987785051e-15
"S114076","CONTROL",20,3,5.3,0.598457118467804
"S117646","CONTROL",20,3,5.1,-0.362394754677579
"S121049","CONTROL",20,3,5.2,-0.427465440153928
"S127067","CONTROL",20,3,5.6,0.0253962977766836
"S128865","CONTROL",20,3,5.6,0.812743313852212
"S128920","CONTROL",20,3,2.5,-0.522396055987904
"S130610","CONTROL",20,3,4.1,0.144802516788512
"S133456","CONTROL",20,3,4.9,-0.39775435758077
"S133815","CONTROL",20,3,3.1,-0.00609247575474721
"S134059","CONTROL",20,3,3.5,-0.00567723302797471
"S139912","CONTROL",20,3,4.4,-0.191240062911046
"S146367","CONTROL",20,3,5,0.0938951783718892
"S151372","CONTROL",20,3,2.8,-0.442466100276502
"S155197","CONTROL",20,3,4.3,-0.0838285492192351
"S156430","CONTROL",20,3,6.4,0.505113023454717
"S159029","CONTROL",20,3,4.8,-0.339492992296523
"S159566","CONTROL",20,3,5.4,-0.00477800968923941
"S166476","CONTROL",20,3,4.5,0.0611900710155666
"S166785","CONTROL",20,3,6.9,0.184225694283839
"S169612","CONTROL",20,3,5.2,-0.293240426190607
"S170151","CONTROL",20,3,4.8,0.0925305455573668
"S170500","CONTROL",20,3,2.5,-0.505457923054555
"S172752","CONTROL",20,3,2.6,-0.502330046256924
"S173400","CONTROL",20,3,4.6,-0.325725505855466
"S173566","CONTROL",20,3,4.3,0.0894276709236095
"S174250","CONTROL",20,3,3.6,-0.237709287646458
"S175492","CONTROL",20,3,6.4,0.232230131036742
"S176552","CONTROL",20,3,4.9,0.158901401804606
"S177092","CONTROL",20,3,5.4,-0.101007205866319
"S177540","CONTROL",20,3,4.6,-0.177989606024017
"S178208","CONTROL",20,3,1.6,-0.887561420217974
"S178617","CONTROL",20,3,4.3,0.258077790231333
"S184178","CONTROL",20,3,1.7,0.250411348458373
"S187259","CONTROL",20,3,3.7,-0.0514606853626938
"S190265","CONTROL",20,3,5.3,0.154724607800576
"S192073","CONTROL",20,3,3.2,-0.547977820961461
"S195050","CONTROL",20,3,5.4,0.0844324723115505
"S25876","CONTROL",20,3,6.3,-0.0545022880086585
"S299036","CONTROL",20,3,3.1,0.108231328416176
"S312604","CONTROL",20,3,2.5,-0.328452784539199
"S320144","CONTROL",20,3,4.1,0.456616512802841
"S331344","CONTROL",20,3,5.9,-0.124934747867697
"S337316","CONTROL",20,3,6.1,0.0914937841080806
"S34288","CONTROL",20,3,5.7,0.207779122763056
"S345504","CONTROL",20,3,2.9,-0.616309176411876
"S346580","CONTROL",20,3,2.7,-0.418665839797477
"S371276","CONTROL",20,3,4.1,-0.0896594179834575
"S378572","CONTROL",20,3,4,0.16806880572572
"S401784","CONTROL",20,3,3.8,-0.144447374089796
"S424424","CONTROL",20,3,5.7,0.0977948690603266
"S425752","CONTROL",20,3,7.5,0.653744685079447
"S458528","CONTROL",20,3,4.2,1.0547118733939e-15
"S476264","CONTROL",20,3,2,-0.154238731225228
"S493900","CONTROL",20,3,2.9,-0.450699993117413
"S517196","CONTROL",20,3,4.8,0.773270735977017
"S547912","CONTROL",20,3,3.4,-0.0122336235523719
"S550104","CONTROL",20,3,3.9,0.132998631151616
"S556552","CONTROL",20,3,3.1,-0.131584686090967
"S591336","CONTROL",20,3,2.1,0.139342045646182
"S600444","CONTROL",20,3,1.1,-0.284842908871399
"S647412","CONTROL",20,3,3.1,-0.0605847861692777
"S700620","CONTROL",20,3,6.1,-0.0190334884561683
"S714848","CONTROL",20,3,4.9,-0.527477842267741
"S740456","CONTROL",20,3,4.4,-0.363308019892187
"S742940","CONTROL",20,3,3.7,0.196440443499758
"S853788","CONTROL",20,3,4.2,0.317416664949246
"S859252","CONTROL",20,3,3.7,-0.2544208610621
"S87776","CONTROL",20,3,5.7,-0.340413107775238
"S914816","CONTROL",20,3,5.3,0.672992616762646
"S967984","CONTROL",20,3,2,-0.219442410410453
"S97756","CONTROL",20,3,1.6,-0.814095568030365
"S979196","CONTROL",20,3,4.4,-0.209169936459732
"S99220","CONTROL",20,3,1.8,-0.661650690304749
"S100268","GCNB",20,3,3.5,-0.30383372260369
"S101426","GCNB",20,3,3.9,-0.185790964504785
"S108206","GCNB",20,3,2.7,-0.304306866246496
"S111581","GCNB",20,3,5.5,-2.99738532605343e-16
"S112781","GCNB",20,3,3.1,-0.138382786503759
"S116638","GCNB",20,3,4.1,0.100529462028215
"S120038","GCNB",20,3,5.2,-0.345020709715626
"S120670","GCNB",20,3,4.7,0.625572660806793
"S121625","GCNB",20,3,4.6,-0.195137900830728
"S122128","GCNB",20,3,2.5,-0.129660191823891
"S122977","GCNB",20,3,4.1,0.0339254345348445
"S124926","GCNB",20,3,2.8,-0.461941855261806
"S125602","GCNB",20,3,5,0.477646036166127
"S126780","GCNB",20,3,5.4,0.111321875282093
"S127274","GCNB",20,3,5.5,-0.225737555758057
"S133325","GCNB",20,3,3.5,-0.0491231208513439
"S135584","GCNB",20,3,5.1,-0.23702126561473
"S137608","GCNB",20,3,5.4,0.327577334059266
"S139710","GCNB",20,3,6.8,0.454233781065154
"S147341","GCNB",20,3,7,0.189345646905502
"S147513","GCNB",20,3,4.6,0.193680049882499
"S150595","GCNB",20,3,5.1,0.0567354083826505
"S154306","GCNB",20,3,5.9,0.291989429102497
"S157684","GCNB",20,3,4.3,0.0842642464574176
"S158868","GCNB",20,3,5.2,-0.36969868269641
"S162928","GCNB",20,3,3.3,-0.363204698864092
"S164665","GCNB",20,3,2.5,-0.474228575624492
"S165163","GCNB",20,3,6,0.128392462523577
"S165861","GCNB",20,3,3.9,-0.104659778276224
"S168489","GCNB",20,3,1.8,-0.553570140738007
"S169936","GCNB",20,3,4.1,-0.356705767260558
"S170565","GCNB",20,3,5.7,0.0663065760458955
"S172340","GCNB",20,3,5.3,0.458908113043716
"S173118","GCNB",20,3,5.2,0.430929719019526
"S175338","GCNB",20,3,5.9,-0.199854285299647
"S176867","GCNB",20,3,3.8,-0.0868458487350626
"S179843","GCNB",20,3,1.5,-0.399138690409525
"S183974","GCNB",20,3,5.8,0.0212632504793399
"S185803","GCNB",20,3,5,-0.203525719175471
"S189376","GCNB",20,3,5.2,-0.207283013882704
"S191428","GCNB",20,3,6.6,-0.127182808249207
"S194355","GCNB",20,3,4.5,-0.184298504730043
"S196126","GCNB",20,3,3.6,-0.221186674721089
"S21298","GCNB",20,3,2.1,-0.338557675251068
"S219146","GCNB",20,3,5.4,-0.121130743658874
"S27790","GCNB",20,3,5.9,0.0224949959359266
"S313330","GCNB",20,3,5.8,0.0462247898138534
"S365962","GCNB",20,3,2,-0.0541610510613444
"S382422","GCNB",20,3,4.6,0.525105231697983
"S38498","GCNB",20,3,5.6,0.270642043124362
"S415834","GCNB",20,3,4.5,0.0396468606312561
"S42010","GCNB",20,3,6.3,0.911959816820316
"S42186","GCNB",20,3,3.3,0.243324524252079
"S49024","GCNB",20,3,5.5,0.096886233524802
"S515930","GCNB",20,3,4.6,0.0235876647559839
"S522522","GCNB",20,3,4.2,-0.455394922933288
"S528178","GCNB",20,3,6.9,0.0828259612690362
"S528750","GCNB",20,3,3.1,-0.327694291778848
"S557898","GCNB",20,3,4.4,-0.75089890642992
"S559274","GCNB",20,3,6.2,0.559276359199073
"S59401","GCNB",20,3,4.5,-0.0489809581098894
"S629815","GCNB",20,3,4.5,0.183764642663644
"S670417","GCNB",20,3,4.4,-0.219317726534728
"S67246","GCNB",20,3,5.5,-0.113549694326678
"S703286","GCNB",20,3,4.6,0.237365635182977
"S708454","GCNB",20,3,4.9,0.411062907896714
"S7238","GCNB",20,3,5.4,-0.174148316490585
"S736774","GCNB",20,3,5.2,0.546886075471585
"S740938","GCNB",20,3,2.4,-0.289325839406639
"S742526","GCNB",20,3,4.9,0.196877313402965
"S809282","GCNB",20,3,3.3,-0.104103138342004
"S814770","GCNB",20,3,3.2,0.143408638986112
"S817510","GCNB",20,3,3.6,-0.32628164844214
"S827814","GCNB",20,3,5.2,0.462461452906071
"S872282","GCNB",20,3,3.4,-0.0859641233799006
"S873154","GCNB",20,3,5.6,-0.179255651881592
"S888710","GCNB",20,3,4.8,0.0473127831812375
"S893382","GCNB",20,3,3,-0.0692253204079919
"S100645","MF",20,3,2.3,0.0244524788842299
"S102327","MF",20,3,3.2,-0.073962989175268
"S102624","MF",20,3,7.6,0.0918208707957561
"S104332","MF",20,3,4.8,0.171171019909291
"S104905","MF",20,3,3.6,-0.229947796394457
"S106426","MF",20,3,6.3,0.281893649389495
"S106590","MF",20,3,3.9,0.410546906511527
"S107841","MF",20,3,6.1,0.338193386718379
"S110825","MF",20,3,4,-0.0431823359047541
"S111925","MF",20,3,1.9,-0.442113064489465
"S112377","MF",20,3,5.8,0.156690016976028
"S11313","MF",20,3,4.9,0.497456844219967
"S116301","MF",20,3,2.3,-0.074359410142902
"S116783","MF",20,3,5.1,0.472638718749917
"S118113","MF",20,3,3.5,-0.263431220016102
"S124057","MF",20,3,5.4,-0.0831000787759498
"S126799","MF",20,3,5.5,0.536174030744412
"S134698","MF",20,3,2.5,-0.387333994450365
"S135698","MF",20,3,5.9,0.400578967230084
"S138343","MF",20,3,5,0.271070228895131
"S139034","MF",20,3,2.8,-0.0120717555788026
"S139222","MF",20,3,4.4,-0.201524649045064
"S143665","MF",20,3,4,0.141849365553061
"S146106","MF",20,3,4.4,0.300632746643862
"S147257","MF",20,3,3.7,-0.0469286145613228
"S152279","MF",20,3,4.6,0.0483407621693859
"S153486","MF",20,3,5.6,0.341402842256439
"S153846","MF",20,3,3.6,0.277537290362541
"S159064","MF",20,3,3.6,0.117416188257081
"S160715","MF",20,3,3.9,-0.10028183172567
"S163836","MF",20,3,3.5,-0.224297196258869
"S165219","MF",20,3,4,-0.126955048865665
"S165565","MF",20,3,4.9,-0.14269913557579
"S176939","MF",20,3,5,-0.175387776410971
"S182590","MF",20,3,4.6,-0.0777427187378255
"S183153","MF",20,3,5.5,-0.154936159883224
"S186017","MF",20,3,5.9,0.317453346523447
"S187171","MF",20,3,3,0.080620134900654
"S188925","MF",20,3,3.7,-0.451476294440881
"S192012","MF",20,3,3.1,-0.165020971486065
"S194097","MF",20,3,7.5,-0.483228130318657
"S194645","MF",20,3,5.5,-0.495382601618761
"S194863","MF",20,3,2.1,0.0153649155023128
"S197042","MF",20,3,7,0.39336567559531
"S198209","MF",20,3,4.1,-0.227616987418584
"S20389","MF",20,3,5.4,0.658937997333083
"S213345","MF",20,3,4.3,0.0260914592605519
"S22164","MF",20,3,4.3,0.355314675984415
"S236477","MF",20,3,7,0.179976222610046
"S267330","MF",20,3,6.2,0.0994753606229984
"S282477","MF",20,3,4.5,-0.205809409292595
"S284973","MF",20,3,4,-0.906272457393265
"S349627","MF",20,3,6.6,0.108691765857447
"S361734","MF",20,3,2.1,-0.127270322401168
"S387505","MF",20,3,4.2,0.0327871591993469
"S428653","MF",20,3,2,-0.203933133990756
"S472335","MF",20,3,3,0.0302170462380626
"S496806","MF",20,3,2.5,-0.243566772189207
"S562049","MF",20,3,4.7,-0.206071614494513
"S570213","MF",20,3,6.1,-0.134048066591882
"S575325","MF",20,3,4,0.565691832187156
"S600925","MF",20,3,4.1,-0.00531662129293969
"S602970","MF",20,3,3,-0.209050372102452
"S615193","MF",20,3,4.4,0.00819941554542682
"S615669","MF",20,3,5.5,-0.0799794574564202
"S616430","MF",20,3,6.3,0.0392927858049732
"S623437","MF",20,3,4.9,0.169469295961864
"S6293","MF",20,3,6.6,0.420537245312994
"S695197","MF",20,3,4.3,0.203881820205161
"S709881","MF",20,3,4.6,0.556518173993664
"S762444","MF",20,3,4.1,0.555542232629179
"S767745","MF",20,3,4.9,-0.180952088164098
"S791626","MF",20,3,4.2,-0.227526236720655
"S798456","MF",20,3,5.3,0.0392957925677417
"S816021","MF",20,3,5.5,0.219653350213157
"S858365","MF",20,3,4.6,0.154008339596845
"S914317","MF",20,3,3.4,0.153253388223115
"S95626","MF",20,3,1,-0.30173764256763
"S956845","MF",20,3,3.6,0.206707853576099
"S992485","MF",20,3,3.7,0.197443938225951
"S100308","BNB",30,4,3.5,-0.0763259425012238
"S103286","BNB",30,4,4.2,-0.354264872056274
"S107926","BNB",30,4,5,0.260705907895956
"S109121","BNB",30,4,3.9,-0.0973537265022394
"S109238","BNB",30,4,2.9,-0.448166851329648
"S111055","BNB",30,4,5.4,-0.0229750174488008
"S111258","BNB",30,4,5.3,0.269554831545733
"S112298","BNB",30,4,4.1,0.0226658442649438
"S117554","BNB",30,4,5.8,0.536578325472322
"S118340","BNB",30,4,3.7,0.0514592202772863
"S120030","BNB",30,4,4.6,0.206721633706894
"S122036","BNB",30,4,3.8,-0.0542051970107779
"S122162","BNB",30,4,4.5,0.0894310965475768
"S125394","BNB",30,4,5.4,0.20233192319415
"S127607","BNB",30,4,5.4,0.148192979611456
"S128436","BNB",30,4,4,-0.227973969097463
"S129051","BNB",30,4,5,-0.18179396414649
"S133258","BNB",30,4,1.9,-0.0716059897557942
"S133476","BNB",30,4,6,-0.398612754788257
"S139783","BNB",30,4,4.9,-0.481505264090976
"S141110","BNB",30,4,3.4,-0.462088993479513
"S141340","BNB",30,4,5.4,0.111390001835974
"S148875","BNB",30,4,4.3,-0.406378972883682
"S150164","BNB",30,4,5.1,0.925295277242478
"S151949","BNB",30,4,4.2,0.183177250382016
"S152497","BNB",30,4,5.4,-0.138779381311355
"S153814","BNB",30,4,5,0.0891704102314964
"S154974","BNB",30,4,4.5,-0.243108110576594
"S155878","BNB",30,4,4.8,0.142937452322603
"S157145","BNB",30,4,4.6,0.365334624358412
"S158460","BNB",30,4,3.9,0.199641074988215
"S160116","BNB",30,4,4.6,-0.0752193260779677
"S165922","BNB",30,4,5.8,-0.0910382609809618
"S166180","BNB",30,4,3,0.0957243594196368
"S166469","BNB",30,4,2.7,0.132976941577581
"S167584","BNB",30,4,5,0.39875759808205
"S168318","BNB",30,4,4.8,0.354904362151281
"S169734","BNB",30,4,3.1,0.197443938225951
"S170685","BNB",30,4,4.3,-0.181941304890838
"S173721","BNB",30,4,6.8,-0.174570498982319
"S173838","BNB",30,4,3.3,-0.209497703920438
"S178112","BNB",30,4,3.8,-0.600544956874413
"S178377","BNB",30,4,6.1,0.435610505592553
"S178608","BNB",30,4,5,-0.0501379712990276
"S186028","BNB",30,4,5.1,-5.52943107967607e-18
"S186663","BNB",30,4,4.3,0.0148789357174891
"S189738","BNB",30,4,5.8,-0.056637892438041
"S190971","BNB",30,4,2.9,-0.421242924957096
"S192386","BNB",30,4,3.9,-0.0212573240414799
"S193331","BNB",30,4,3.6,0.4878734459289
"S194682","BNB",30,4,4.6,-0.164846478920596
"S196939","BNB",30,4,6.4,0.227375470847414
"S197188","BNB",30,4,5.2,-0.0962238852440422
"S197761","BNB",30,4,4.3,0.16252009493239
"S199274","BNB",30,4,5.8,0.0418827693526001
"S199712","BNB",30,4,3.4,0.234167027103994
"S221427","BNB",30,4,6.6,-0.210755370292383
"S222845","BNB",30,4,1.2,-0.455122242632705
"S232880","BNB",30,4,4.9,-0.173713878663036
"S237727","BNB",30,4,6.6,0.635694496994938
"S263935","BNB",30,4,2.1,0.0939042556718897
"S265251","BNB",30,4,3.3,-0.405631905523315
"S299875","BNB",30,4,4,-0.566643577594529
"S318311","BNB",30,4,3.2,0.174556850202526
"S351463","BNB",30,4,6.9,-0.176274563029697
"S351739","BNB",30,4,4.8,-0.211181684231649
"S356783","BNB",30,4,4.4,-0.263676239849887
"S357531","BNB",30,4,4.9,-0.25370274061896
"S359815","BNB",30,4,2.8,-0.399734220940583
"S370367","BNB",30,4,4.3,0.634906693046891
"S407465","BNB",30,4,3.6,0.26620018681758
"S409611","BNB",30,4,3.7,-0.350036428141238
"S421791","BNB",30,4,2.3,-0.13706642533365
"S426279","BNB",30,4,5.5,0.400674059623799
"S443739","BNB",30,4,3.7,0.110047719766869
"S450951","BNB",30,4,2.7,0.098911078133367
"S466283","BNB",30,4,4.4,0.129156132416753
"S513236","BNB",30,4,7,-0.237818040627549
"S597823","BNB",30,4,2.8,-0.0679326270692815
"S601451","BNB",30,4,4.4,-0.0584087373145426
"S701547","BNB",30,4,3.2,-0.18893940984311
"S703335","BNB",30,4,4,0.129471450964249
"S749123","BNB",30,4,2.9,-0.276435793285083
"S7529","BNB",30,4,4.3,0.131101227988967
"S769971","BNB",30,4,5.1,-0.0128723321207434
"S805681","BNB",30,4,3.7,-0.13577291078166
"S83419","BNB",30,4,4.2,-0.378286579263606
"S8519","BNB",30,4,4.3,0.325631359447545
"S929127","BNB",30,4,1.7,-0.336803822617285
"S930399","BNB",30,4,3.3,0.00521926605463222
"S930683","BNB",30,4,2.6,-0.179304225457848
"S93491","BNB",30,4,4.1,-0.0564201610701724
"S982891","BNB",30,4,6.1,-0.259156403009866
"S101436","CONTROL",30,4,2.7,-0.770241053164296
"S103836","CONTROL",30,4,5.3,-0.358410192925322
"S103948","CONTROL",30,4,5.2,0.0890748306819368
"S104466","CONTROL",30,4,4.4,-0.466891768086302
"S105714","CONTROL",30,4,3,-0.428287044560666
"S107615","CONTROL",30,4,2.2,0.0173022630141448
"S111200","CONTROL",30,4,5.7,-0.327799758065822
"S112557","CONTROL",30,4,4.1,0.158681036856664
"S114076","CONTROL",30,4,4.4,0.104729995731867
"S117646","CONTROL",30,4,5.2,-0.309942882290035
"S121049","CONTROL",30,4,4.4,-0.875286377458043
"S127067","CONTROL",30,4,6.6,0.584114848863725
"S128865","CONTROL",30,4,5.3,0.663740372979306
"S128920","CONTROL",30,4,2.9,-0.345585083191998
"S130610","CONTROL",30,4,4.3,0.27753815717798
"S133456","CONTROL",30,4,5,-0.336986330728152
"S133815","CONTROL",30,4,3.5,0.261976457454144
"S134059","CONTROL",30,4,4.4,0.556368836741511
"S139912","CONTROL",30,4,3.8,-0.855547649865206
"S146367","CONTROL",30,4,5.5,0.380797112285997
"S151372","CONTROL",30,4,3,-0.336658989340817
"S155197","CONTROL",30,4,4.6,0.192805663204242
"S156430","CONTROL",30,4,5.7,-0.288636013402691
"S159029","CONTROL",30,4,4.7,-0.432853565178066
"S159566","CONTROL",30,4,5,-0.215010436015766
"S166476","CONTROL",30,4,4.5,0.0611900710155666
"S166785","CONTROL",30,4,7,0.290882675185009
"S169612","CONTROL",30,4,5.3,-0.208355039661748
"S170151","CONTROL",30,4,4.4,-0.198279740480066
"S170500","CONTROL",30,4,2.3,-0.616658666126557
"S172752","CONTROL",30,4,3.7,0.0935712831262896
"S173400","CONTROL",30,4,5,0.00757501176408047
"S173566","CONTROL",30,4,4.1,-0.0619114644855745
"S174250","CONTROL",30,4,3.5,-0.291072597118112
"S175492","CONTROL",30,4,6.9,0.607896519478529
"S176552","CONTROL",30,4,4.7,0.0669058533914127
"S177092","CONTROL",30,4,5.2,-0.231722413458024
"S177540","CONTROL",30,4,4.9,0.0569566739276867
"S178208","CONTROL",30,4,2.2,-0.658736991568027
"S178617","CONTROL",30,4,3.9,0.0397042754202048
"S184178","CONTROL",30,4,1.9,0.525863831762583
"S187259","CONTROL",30,4,3.3,-0.257303426813464
"S190265","CONTROL",30,4,5.2,0.104666646453331
"S192073","CONTROL",30,4,4,-0.155928648241067
"S195050","CONTROL",30,4,4.6,-0.253297416934656
"S25876","CONTROL",30,4,6.4,0.0454185733405466
"S299036","CONTROL",30,4,2.8,-0.166509736024885
"S312604","CONTROL",30,4,2.7,-0.167875867653367
"S320144","CONTROL",30,4,3.8,0.121764403414092
"S331344","CONTROL",30,4,6,-0.0333159327647191
"S337316","CONTROL",30,4,5.9,-0.0522821623474736
"S34288","CONTROL",30,4,5.7,0.207779122763056
"S345504","CONTROL",30,4,3.8,-0.116189434897321
"S346580","CONTROL",30,4,2.4,-0.679344570237415
"S371276","CONTROL",30,4,4,-0.212941117710713
"S378572","CONTROL",30,4,4,0.16806880572572
"S401784","CONTROL",30,4,3.7,-0.237913322030252
"S424424","CONTROL",30,4,5.5,-0.117353842872393
"S425752","CONTROL",30,4,7.1,0.230733418263336
"S458528","CONTROL",30,4,4.3,0.118517474460847
"S476264","CONTROL",30,4,2.1,0.0881364178429888
"S493900","CONTROL",30,4,3,-0.39681195046207
"S517196","CONTROL",30,4,4.3,0.383088254520725
"S547912","CONTROL",30,4,3,-0.281373341704535
"S550104","CONTROL",30,4,3.9,0.132998631151615
"S556552","CONTROL",30,4,3.3,0.0207765293827846
"S591336","CONTROL",30,4,1.8,-0.148050923499067
"S600444","CONTROL",30,4,1.1,-0.284842908871399
"S647412","CONTROL",30,4,3.2,-0.00932073633373459
"S700620","CONTROL",30,4,6.2,0.08565069805276
"S714848","CONTROL",30,4,4.9,-0.527477842267741
"S740456","CONTROL",30,4,4.6,-0.177429498086883
"S742940","CONTROL",30,4,3.6,0.102490666173787
"S853788","CONTROL",30,4,4.1,0.230127082088203
"S859252","CONTROL",30,4,3.8,-0.182661131018944
"S87776","CONTROL",30,4,5.9,-0.199109553604384
"S914816","CONTROL",30,4,4.5,0.243837904624147
"S967984","CONTROL",30,4,2.3,0.0487649800912112
"S97756","CONTROL",30,4,1.8,-0.681428142129121
"S979196","CONTROL",30,4,4.2,-0.357613117173091
"S99220","CONTROL",30,4,2.5,-0.335066695731251
"S100268","GCNB",30,4,5.1,0.23631511758065
"S101426","GCNB",30,4,4.3,0.268364726506914
"S108206","GCNB",30,4,1.9,-0.543405118297314
"S111581","GCNB",30,4,5.3,-0.246939306265772
"S112781","GCNB",30,4,3.3,0.0218499136584881
"S116638","GCNB",30,4,2.8,-0.584028303211539
"S120038","GCNB",30,4,5.8,0.36658450407285
"S120670","GCNB",30,4,3.9,0.192104990326496
"S121625","GCNB",30,4,5,0.100933396981413
"S122128","GCNB",30,4,2.4,-0.218801573702818
"S122977","GCNB",30,4,4.6,0.407105214418124
"S124926","GCNB",30,4,3.5,-0.0116947305129579
"S125602","GCNB",30,4,4,-0.232368341918656
"S126780","GCNB",30,4,5.3,0.0500948438769424
"S127274","GCNB",30,4,5.3,-0.409671860449808
"S133325","GCNB",30,4,3.6,0.0184211703192544
"S135584","GCNB",30,4,5.1,-0.23702126561473
"S137608","GCNB",30,4,5.1,0.150363366453434
"S139710","GCNB",30,4,5.7,-0.207962453981634
"S147341","GCNB",30,4,7.1,0.269453420596292
"S147513","GCNB",30,4,3.8,-0.110674314218573
"S150595","GCNB",30,4,5.5,0.264765239119044
"S154306","GCNB",30,4,5.8,0.131395243096125
"S157684","GCNB",30,4,4.2,-0.0187253881016502
"S158868","GCNB",30,4,6,0.211256390112235
"S162928","GCNB",30,4,3.2,-0.400543499681895
"S164665","GCNB",30,4,3.3,-0.132162062059285
"S165163","GCNB",30,4,6.3,0.834551006403256
"S165861","GCNB",30,4,3.6,-0.307822877283011
"S168489","GCNB",30,4,2.1,-0.32233198068289
"S169936","GCNB",30,4,4.7,0.428046920712672
"S170565","GCNB",30,4,5.2,-0.338900277567909
"S172340","GCNB",30,4,4.4,-0.597647775126702
"S173118","GCNB",30,4,5.2,0.430929719019526
"S175338","GCNB",30,4,6.1,0.031555939784156
"S176867","GCNB",30,4,2.7,-0.524693669441001
"S179843","GCNB",30,4,2.4,0.181960285333754
"S183974","GCNB",30,4,5.3,-0.368563008308544
"S185803","GCNB",30,4,5.5,0.146284110657369
"S189376","GCNB",30,4,5.3,-0.112278299186465
"S191428","GCNB",30,4,6.5,-0.19713335278627
"S194355","GCNB",30,4,5.1,0.153582087275035
"S196126","GCNB",30,4,2.8,-0.551092223457628
"S21298","GCNB",30,4,2,-0.408824362567328
"S219146","GCNB",30,4,5.2,-0.227725798078684
"S27790","GCNB",30,4,6.1,0.18745829946606
"S313330","GCNB",30,4,6,0.173342961801951
"S365962","GCNB",30,4,1.8,-0.29246967573126
"S382422","GCNB",30,4,4.3,0.313782394551234
"S38498","GCNB",30,4,4.4,-0.403409837864618
"S415834","GCNB",30,4,4.7,0.214093047408776
"S42010","GCNB",30,4,4.5,0.0874482016129086
"S42186","GCNB",30,4,2.7,-0.0778638477606667
"S49024","GCNB",30,4,5.4,0.00807385279373248
"S515930","GCNB",30,4,4.6,0.0235876647559837
"S522522","GCNB",30,4,4.6,-0.156329600409936
"S528178","GCNB",30,4,6.3,-0.524564421370562
"S528750","GCNB",30,4,3.5,0.0842642464574174
"S557898","GCNB",30,4,4.9,-0.346002437276531
"S559274","GCNB",30,4,5.5,-0.113603010462312
"S59401","GCNB",30,4,4.6,0.0408174650915746
"S629815","GCNB",30,4,3.8,-0.209287509700261
"S670417","GCNB",30,4,5,0.469966556860133
"S67246","GCNB",30,4,6.1,0.280886085965991
"S703286","GCNB",30,4,4,-0.174900994345353
"S708454","GCNB",30,4,4.7,0.279999372045589
"S7238","GCNB",30,4,5.5,-0.105732906440712
"S736774","GCNB",30,4,4.3,-0.0826688253619838
"S740938","GCNB",30,4,1.6,-0.831042304678645
"S742526","GCNB",30,4,4.7,0.0475221101317501
"S809282","GCNB",30,4,3,-0.349489107291015
"S814770","GCNB",30,4,3.1,0.0717043194930561
"S817510","GCNB",30,4,3.6,-0.32628164844214
"S827814","GCNB",30,4,5,0.163221689260966
"S872282","GCNB",30,4,2.9,-0.515784740279396
"S873154","GCNB",30,4,5,-0.617436134258817
"S888710","GCNB",30,4,4.5,-0.212907524315574
"S893382","GCNB",30,4,3.2,0.184600854421317
"S100645","MF",30,4,2.5,0.293429746610757
"S102327","MF",30,4,3.6,0.0810070833824375
"S102624","MF",30,4,7.3,-0.124614038937096
"S104332","MF",30,4,4.8,0.171171019909291
"S104905","MF",30,4,4,-0.00510995103098923
"S106426","MF",30,4,6.3,0.281893649389494
"S106590","MF",30,4,3.7,0.262480809081141
"S107841","MF",30,4,5.1,-0.488501558593215
"S110825","MF",30,4,4.9,0.811827915009371
"S111925","MF",30,4,2,-0.371631271599841
"S112377","MF",30,4,5.5,-0.188028020371233
"S11313","MF",30,4,4.2,-0.0132655158458662
"S116301","MF",30,4,3,0.561826654413049
"S116783","MF",30,4,4.9,0.299337855208281
"S118113","MF",30,4,3.7,-0.145155978376219
"S124057","MF",30,4,5.3,-0.131210650698869
"S126799","MF",30,4,4.8,-0.0070549214571636
"S134698","MF",30,4,2.6,-0.337208418697965
"S135698","MF",30,4,5.1,-0.0456355785451994
"S138343","MF",30,4,5.1,0.32628823848488
"S139034","MF",30,4,2.5,-0.111663739103934
"S139222","MF",30,4,3.9,-0.4324383094092
"S143665","MF",30,4,3.7,-0.0315220812340119
"S146106","MF",30,4,3.5,-0.203818811283974
"S147257","MF",30,4,3.4,-0.157546063170151
"S152279","MF",30,4,4.9,0.207865277328355
"S153486","MF",30,4,4.1,-0.29153501136505
"S153846","MF",30,4,3.8,0.382810055672473
"S159064","MF",30,4,3.4,-0.0440310705964045
"S160715","MF",30,4,4.1,0.0835681931047229
"S163836","MF",30,4,4.3,0.356236723469969
"S165219","MF",30,4,3.7,-0.294535713368343
"S165565","MF",30,4,5.2,0.0815423631861662
"S176939","MF",30,4,4.8,-0.378468359623675
"S182590","MF",30,4,4.6,-0.0777427187378252
"S183153","MF",30,4,5.7,0.00737791237539144
"S186017","MF",30,4,5.5,0.0634906693046899
"S187171","MF",30,4,3.2,0.277691575768922
"S188925","MF",30,4,4.4,0.0451476294440888
"S192012","MF",30,4,3.2,-0.104513281941175
"S194097","MF",30,4,7.4,-0.550513059856699
"S194645","MF",30,4,5.2,-0.746884537825208
"S194863","MF",30,4,2,-0.0409731080061669
"S197042","MF",30,4,7,0.393365675595309
"S198209","MF",30,4,4.2,-0.169389385985924
"S20389","MF",30,4,4.8,0.331946209182832
"S213345","MF",30,4,3.6,-0.308748934583201
"S22164","MF",30,4,3.8,0.0499661263103067
"S236477","MF",30,4,7.2,0.41288662834069
"S267330","MF",30,4,5.9,-0.174081881090245
"S282477","MF",30,4,5.1,0.205809409292599
"S284973","MF",30,4,5,-0.18388136816675
"S349627","MF",30,4,6.3,-0.0905764715478721
"S361734","MF",30,4,1.8,-0.389765362353577
"S387505","MF",30,4,4.3,0.0928969510648144
"S428653","MF",30,4,2.2,-0.0169944278325634
"S472335","MF",30,4,2.5,-0.385267339535302
"S496806","MF",30,4,2.3,-0.377528496893272
"S562049","MF",30,4,4.8,-0.130512022513192
"S570213","MF",30,4,6.3,0.111706722159903
"S575325","MF",30,4,4,0.565691832187156
"S600925","MF",30,4,3.8,-0.180765123959926
"S602970","MF",30,4,2.8,-0.367640309559483
"S615193","MF",30,4,4.5,0.0532962010452768
"S615669","MF",30,4,5.1,-0.399897287282105
"S616430","MF",30,4,6.4,0.147347946768656
"S623437","MF",30,4,4.6,0.00498439105770183
"S6293","MF",30,4,5.7,-0.16584567420794
"S695197","MF",30,4,4.5,0.339803033675268
"S709881","MF",30,4,3.9,0.0402302294453249
"S762444","MF",30,4,3.7,0.233912519001759
"S767745","MF",30,4,5.7,0.301586813606832
"S791626","MF",30,4,4,-0.359251952716823
"S798456","MF",30,4,4.6,-0.39295792567743
"S816021","MF",30,4,6,0.461272035447631
"S858365","MF",30,4,4.9,0.436356962191061
"S914317","MF",30,4,3.6,0.288116369859457
"S95626","MF",30,4,1,-0.30173764256763
"S956845","MF",30,4,3.2,-0.0531534480624244
"S992485","MF",30,4,3.7,0.19744393822595
"S100308","BNB",40,5,3.6,-0.032137238947884
"S103286","BNB",40,5,4.8,0.245260296038958
"S107926","BNB",40,5,2.8,-0.773569989002758
"S109121","BNB",40,5,3.8,-0.168746459270548
"S109238","BNB",40,5,3.1,-0.296479609341151
"S111055","BNB",40,5,4.3,-0.717969295275039
"S111258","BNB",40,5,3.9,-0.577617496169427
"S112298","BNB",40,5,3.2,-0.538313801292415
"S117554","BNB",40,5,5,-0.189866176705591
"S118340","BNB",40,5,4,0.263728503921093
"S120030","BNB",40,5,3.5,-0.256487952932626
"S122036","BNB",40,5,3.1,-0.57593021823952
"S122162","BNB",40,5,3.4,-0.812332460307144
"S125394","BNB",40,5,4.8,-0.228439268122427
"S127607","BNB",40,5,5.4,0.148192979611456
"S128436","BNB",40,5,4.2,-0.118942940398676
"S129051","BNB",40,5,4.4,-0.703463600392938
"S133258","BNB",40,5,2.1,0.059671658129828
"S133476","BNB",40,5,6.7,0.159445101915303
"S139783","BNB",40,5,5.6,0.0263838500871762
"S141110","BNB",40,5,4.2,0.0338113897667932
"S141340","BNB",40,5,5.2,-0.0519820008567874
"S148875","BNB",40,5,4.7,-0.108367726102315
"S150164","BNB",40,5,3.6,-0.181036032503963
"S151949","BNB",40,5,3.8,-0.241022697871077
"S152497","BNB",40,5,5.3,-0.228577804512819
"S153814","BNB",40,5,4.8,-0.0617333609294992
"S154974","BNB",40,5,4.8,-0.0474357288929948
"S155878","BNB",40,5,4.4,-0.250140541564553
"S157145","BNB",40,5,4.1,0.060889104059735
"S158460","BNB",40,5,3.4,-0.105366122910448
"S160116","BNB",40,5,5.2,0.200584869541247
"S165922","BNB",40,5,5.8,-0.0910382609809618
"S166180","BNB",40,5,3,0.095724359419637
"S166469","BNB",40,5,1.7,-0.502999735532589
"S167584","BNB",40,5,3.5,-0.375301268783106
"S168318","BNB",40,5,4.4,-0.0560375308659912
"S169734","BNB",40,5,2.5,-0.488413952453672
"S170685","BNB",40,5,3.5,-0.715635799237294
"S173721","BNB",40,5,6.6,-0.41460493508301
"S173838","BNB",40,5,3.8,0.0164311924643469
"S178112","BNB",40,5,4.7,0.261106502988876
"S178377","BNB",40,5,4.4,-0.260621670012638
"S178608","BNB",40,5,4.2,-0.5403759128895
"S186028","BNB",40,5,5.2,0.116799197624414
"S186663","BNB",40,5,4,-0.476125942959617
"S189738","BNB",40,5,5.1,-0.541206527741288
"S190971","BNB",40,5,3,-0.35688636697754
"S192386","BNB",40,5,3,-0.722749017410278
"S193331","BNB",40,5,2.7,-0.115869943408112
"S194682","BNB",40,5,4.3,-0.423890945795818
"S196939","BNB",40,5,6.2,0.0189479559039517
"S197188","BNB",40,5,5.4,0.0283011427188353
"S197761","BNB",40,5,4.6,0.368795600038887
"S199274","BNB",40,5,5.8,0.0418827693526008
"S199712","BNB",40,5,2.7,-0.459327630088607
"S221427","BNB",40,5,7.2,0.112729616668019
"S222845","BNB",40,5,1.2,-0.455122242632705
"S232880","BNB",40,5,4.2,-0.634954177182129
"S237727","BNB",40,5,4.7,-0.299940361258174
"S263935","BNB",40,5,2,0.0250411348458381
"S265251","BNB",40,5,3,-0.584109943953573
"S299875","BNB",40,5,4,-0.56664357759453
"S318311","BNB",40,5,2.3,-0.490101925568626
"S351463","BNB",40,5,6.8,-0.370176582362364
"S351739","BNB",40,5,4.4,-0.700234005610204
"S356783","BNB",40,5,4.2,-0.439460399749812
"S357531","BNB",40,5,5,-0.182145557367458
"S359815","BNB",40,5,3.2,-0.129144902150035
"S370367","BNB",40,5,4,0.253962677218756
"S407465","BNB",40,5,2.4,-0.38451138095873
"S409611","BNB",40,5,3.2,-0.916271826605003
"S421791","BNB",40,5,2.1,-0.304592056296999
"S426279","BNB",40,5,4.3,-0.377104997292988
"S443739","BNB",40,5,3.9,0.215310756065614
"S450951","BNB",40,5,2.7,0.0989110781333668
"S466283","BNB",40,5,3.5,-0.362630679477813
"S513236","BNB",40,5,7.6,0.32275305513739
"S597823","BNB",40,5,2.5,-0.254747351509803
"S601451","BNB",40,5,4.1,-0.233634949258168
"S701547","BNB",40,5,2.3,-0.59556987885328
"S703335","BNB",40,5,3.2,-0.413075581647844
"S749123","BNB",40,5,2,-0.691089483212706
"S7529","BNB",40,5,3.1,-0.271349053279488
"S769971","BNB",40,5,4.6,-0.366861465441138
"S805681","BNB",40,5,3,-0.553953475989175
"S83419","BNB",40,5,4.1,-0.458308740261677
"S8519","BNB",40,5,3.7,-0.0876699813897236
"S929127","BNB",40,5,2.4,0.383582131314132
"S930399","BNB",40,5,3,-0.167016513748208
"S930683","BNB",40,5,3.2,0.243341448835651
"S93491","BNB",40,5,3.6,-0.366731046956121
"S982891","BNB",40,5,4.2,-1.28111278469028
"S101436","CONTROL",40,5,3.6,-0.118498623563738
"S103836","CONTROL",40,5,5,-0.532344551256729
"S103948","CONTROL",40,5,4.2,-0.455271356818793
"S104466","CONTROL",40,5,4.7,-0.196586007615285
"S105714","CONTROL",40,5,3.1,-0.353506766938962
"S107615","CONTROL",40,5,1.9,-0.268185076719224
"S111200","CONTROL",40,5,6.1,-0.0655599516131628
"S112557","CONTROL",40,5,3.6,-0.105787357904441
"S114076","CONTROL",40,5,4.3,0.0498714265389831
"S117646","CONTROL",40,5,4.9,-0.467298499452667
"S121049","CONTROL",40,5,5.6,-0.20355497150187
"S127067","CONTROL",40,5,6.5,0.52824299375502
"S128865","CONTROL",40,5,4.2,0.117396256445318
"S128920","CONTROL",40,5,3.2,-0.212976853595068
"S130610","CONTROL",40,5,3.8,-0.0543009437956907
"S133456","CONTROL",40,5,5.1,-0.276218303875534
"S133815","CONTROL",40,5,3.2,0.0609247575474759
"S134059","CONTROL",40,5,3.8,0.181671456895187
"S139912","CONTROL",40,5,4.1,-0.523393856388126
"S146367","CONTROL",40,5,5.5,0.380797112285998
"S151372","CONTROL",40,5,2.8,-0.442466100276502
"S155197","CONTROL",40,5,4.3,-0.0838285492192347
"S156430","CONTROL",40,5,6.2,0.278327584352601
"S159029","CONTROL",40,5,4.8,-0.339492992296522
"S159566","CONTROL",40,5,5.1,-0.162452329434135
"S166476","CONTROL",40,5,4.4,-0.00611900710155748
"S166785","CONTROL",40,5,6.5,-0.242402229320841
"S169612","CONTROL",40,5,4.9,-0.547896585777185
"S170151","CONTROL",40,5,4.5,-0.125577168970708
"S170500","CONTROL",40,5,2.3,-0.616658666126556
"S172752","CONTROL",40,5,3,-0.285638653753937
"S173400","CONTROL",40,5,4.6,-0.325725505855466
"S173566","CONTROL",40,5,4.4,0.165097238628201
"S174250","CONTROL",40,5,4.3,0.135833878655118
"S175492","CONTROL",40,5,6.4,0.232230131036741
"S176552","CONTROL",40,5,3.8,-0.347074114467956
"S177092","CONTROL",40,5,5.2,-0.231722413458023
"S177540","CONTROL",40,5,4.5,-0.256305032674585
"S178208","CONTROL",40,5,3.8,-0.0485385151681696
"S178617","CONTROL",40,5,4,0.0942976541229872
"S184178","CONTROL",40,5,1.2,-0.438219859802152
"S187259","CONTROL",40,5,3,-0.411685482901542
"S190265","CONTROL",40,5,4.8,-0.0955651989356503
"S192073","CONTROL",40,5,3.9,-0.204934794831115
"S195050","CONTROL",40,5,3.9,-0.548811070025088
"S25876","CONTROL",40,5,6.4,0.0454185733405462
"S299036","CONTROL",40,5,3.1,0.108231328416175
"S312604","CONTROL",40,5,2.9,-0.00729895076753769
"S320144","CONTROL",40,5,3.9,0.233381773210341
"S331344","CONTROL",40,5,6.3,0.241540512544216
"S337316","CONTROL",40,5,5.4,-0.41172202848636
"S34288","CONTROL",40,5,5.7,0.207779122763056
"S345504","CONTROL",40,5,3.5,-0.282896015402172
"S346580","CONTROL",40,5,3.1,-0.0710941992108917
"S371276","CONTROL",40,5,4.2,0.0336222817437988
"S378572","CONTROL",40,5,3.2,-0.423533390428816
"S401784","CONTROL",40,5,3.8,-0.144447374089796
"S424424","CONTROL",40,5,5.4,-0.224928198838753
"S425752","CONTROL",40,5,6.8,-0.0865250318487492
"S458528","CONTROL",40,5,4,-0.237034948921691
"S476264","CONTROL",40,5,2,-0.154238731225228
"S493900","CONTROL",40,5,3.3,-0.235147822496041
"S517196","CONTROL",40,5,4.2,0.305051758229465
"S547912","CONTROL",40,5,2.9,-0.348658271242576
"S550104","CONTROL",40,5,3.8,0.0415620722348799
"S556552","CONTROL",40,5,3.3,0.0207765293827843
"S591336","CONTROL",40,5,1.6,-0.339646236262566
"S600444","CONTROL",40,5,1.1,-0.284842908871399
"S647412","CONTROL",40,5,3.3,0.0419433135018065
"S700620","CONTROL",40,5,6,-0.123717674965097
"S714848","CONTROL",40,5,5.2,-0.373435640543534
"S740456","CONTROL",40,5,4.7,-0.0844902371842306
"S742940","CONTROL",40,5,3.8,0.290390220825729
"S853788","CONTROL",40,5,4,0.14283749922716
"S859252","CONTROL",40,5,3.7,-0.2544208610621
"S87776","CONTROL",40,5,5.7,-0.340413107775239
"S914816","CONTROL",40,5,4.3,0.136549226589523
"S967984","CONTROL",40,5,2,-0.219442410410453
"S97756","CONTROL",40,5,2.5,-0.217092151474764
"S979196","CONTROL",40,5,4.4,-0.209169936459732
"S99220","CONTROL",40,5,2.9,-0.148447270260681
"S100268","GCNB",40,5,5.1,0.23631511758065
"S101426","GCNB",40,5,4.1,0.0412868810010644
"S108206","GCNB",40,5,3.1,-0.184757740221086
"S111581","GCNB",40,5,5,-0.617348265664431
"S112781","GCNB",40,5,2.9,-0.298615486666006
"S116638","GCNB",40,5,2.9,-0.531370013577712
"S120038","GCNB",40,5,5.3,-0.22641984075088
"S120670","GCNB",40,5,3.2,-0.187179221343765
"S121625","GCNB",40,5,5.2,0.248969045887483
"S122128","GCNB",40,5,2.1,-0.486225719339596
"S122977","GCNB",40,5,4.5,0.332469258441468
"S124926","GCNB",40,5,2.5,-0.654904908725598
"S125602","GCNB",40,5,5,0.477646036166126
"S126780","GCNB",40,5,5.5,0.172548906687244
"S127274","GCNB",40,5,5.3,-0.409671860449808
"S133325","GCNB",40,5,2.6,-0.657021741386731
"S135584","GCNB",40,5,5.4,0.0758468049967138
"S137608","GCNB",40,5,5.2,0.209434688988711
"S139710","GCNB",40,5,5.2,-0.508960742639266
"S147341","GCNB",40,5,6.8,0.0291300995239238
"S147513","GCNB",40,5,3.3,-0.300895791781744
"S150595","GCNB",40,5,3.9,-0.567354083826525
"S154306","GCNB",40,5,5.7,-0.0291989429102474
"S157684","GCNB",40,5,4.2,-0.0187253881016493
"S158868","GCNB",40,5,5.5,-0.151840530393169
"S162928","GCNB",40,5,2.9,-0.512559902135307
"S164665","GCNB",40,5,2.1,-0.645261832407099
"S165163","GCNB",40,5,6,0.128392462523578
"S165861","GCNB",40,5,3.7,-0.240101844280748
"S168489","GCNB",40,5,1.9,-0.476490754052968
"S169936","GCNB",40,5,4,-0.487497881922764
"S170565","GCNB",40,5,4.9,-0.582024389736192
"S172340","GCNB",40,5,4.3,-0.715042873812304
"S173118","GCNB",40,5,4.9,0.162614988309256
"S175338","GCNB",40,5,6.2,0.147261052326057
"S176867","GCNB",40,5,3.7,-0.126650196071966
"S179843","GCNB",40,5,1.8,-0.205439031828432
"S183974","GCNB",40,5,6.3,0.411089509267223
"S185803","GCNB",40,5,5,-0.203525719175472
"S189376","GCNB",40,5,5.7,0.26774055959849
"S191428","GCNB",40,5,6.4,-0.267083897323333
"S194355","GCNB",40,5,4.6,-0.127985072729196
"S196126","GCNB",40,5,3.4,-0.303663061905223
"S21298","GCNB",40,5,1.9,-0.479091049883586
"S219146","GCNB",40,5,4.5,-0.600808488548014
"S27790","GCNB",40,5,5.3,-0.472394914654476
"S313330","GCNB",40,5,4.9,-0.525806984132588
"S365962","GCNB",40,5,1.9,-0.173315363396302
"S382422","GCNB",40,5,3.8,-0.0384223340266818
"S38498","GCNB",40,5,4.6,-0.291067857699788
"S415834","GCNB",40,5,4.8,0.301316140797539
"S42010","GCNB",40,5,4.4,0.0416420007680513
"S42186","GCNB",40,5,2.4,-0.238458033767038
"S49024","GCNB",40,5,5.4,0.00807385279373379
"S515930","GCNB",40,5,4.5,-0.106144491401929
"S522522","GCNB",40,5,5.3,0.367034714005932
"S528178","GCNB",40,5,6.4,-0.423332690930629
"S528750","GCNB",40,5,3.2,-0.224704657219782
"S557898","GCNB",40,5,5,-0.265023143445854
"S559274","GCNB",40,5,4.7,-0.882608004361042
"S59401","GCNB",40,5,4.4,-0.138779381311354
"S629815","GCNB",40,5,3.6,-0.321588124661377
"S670417","GCNB",40,5,4.6,0.0104437012635586
"S67246","GCNB",40,5,6,0.215146789250546
"S703286","GCNB",40,5,3.4,-0.587167623873682
"S708454","GCNB",40,5,4.3,0.0178723003433347
"S7238","GCNB",40,5,4.6,-0.721471596889573
"S736774","GCNB",40,5,4.2,-0.152619369899047
"S740938","GCNB",40,5,2.6,-0.153896723088638
"S742526","GCNB",40,5,5.1,0.346232516674181
"S809282","GCNB",40,5,2.7,-0.594875076240025
"S814770","GCNB",40,5,3,-1.99818460389078e-16
"S817510","GCNB",40,5,3,-0.784464388807698
"S827814","GCNB",40,5,4.8,-0.136018074384139
"S872282","GCNB",40,5,3.3,-0.171928246759799
"S873154","GCNB",40,5,5.5,-0.252285732277797
"S888710","GCNB",40,5,4.3,-0.386387729313448
"S893382","GCNB",40,5,2.9,-0.196138407822648
"S100645","MF",40,5,2.3,0.0244524788842301
"S102327","MF",40,5,4,0.235977155940142
"S102624","MF",40,5,7.3,-0.124614038937097
"S104332","MF",40,5,4.7,0.11043291607051
"S104905","MF",40,5,3.4,-0.34236671907619
"S106426","MF",40,5,6.1,0.109625308095914
"S106590","MF",40,5,2.6,-0.551882726785987
"S107841","MF",40,5,5.2,-0.405832064062057
"S110825","MF",40,5,4,-0.0431823359047541
"S111925","MF",40,5,1.8,-0.512594857379091
"S112377","MF",40,5,5.3,-0.417840045269407
"S11313","MF",40,5,4,-0.159186190150389
"S116301","MF",40,5,2,-0.347010580666881
"S116783","MF",40,5,4.6,0.0393865598958252
"S118113","MF",40,5,4.3,0.209669746543428
"S124057","MF",40,5,5.3,-0.131210650698869
"S126799","MF",40,5,5.1,0.225757486629226
"S134698","MF",40,5,2.6,-0.337208418697965
"S135698","MF",40,5,4.9,-0.15718921498902
"S138343","MF",40,5,4.5,-0.00501981905361361
"S139034","MF",40,5,1,-0.609623656729589
"S139222","MF",40,5,3.8,-0.478621041482028
"S143665","MF",40,5,3.6,-0.0893125634963695
"S146106","MF",40,5,3.6,-0.147768638180882
"S147257","MF",40,5,1.4,-0.894995720562341
"S152279","MF",40,5,3.3,-0.642932136852814
"S153486","MF",40,5,2.8,-0.840081151170339
"S153846","MF",40,5,2,-0.564644832116899
"S159064","MF",40,5,2.9,-0.447649217730118
"S160715","MF",40,5,4,-0.00835681931047285
"S163836","MF",40,5,4.1,0.21110324353776
"S165219","MF",40,5,3.7,-0.294535713368344
"S165565","MF",40,5,4.6,-0.366940634337747
"S176939","MF",40,5,4.8,-0.378468359623675
"S182590","MF",40,5,4.5,-0.134754045812232
"S183153","MF",40,5,5.8,0.0885349485046992
"S186017","MF",40,5,5.4,5.6623542660228e-16
"S187171","MF",40,5,2.6,-0.313522746835881
"S188925","MF",40,5,4.1,-0.167691195078042
"S192012","MF",40,5,3.7,0.198025165783279
"S194097","MF",40,5,6.8,-0.954222637084944
"S194645","MF",40,5,5.7,-0.327714644147796
"S194863","MF",40,5,1.2,-0.491677296074005
"S197042","MF",40,5,6,-0.438754022779384
"S198209","MF",40,5,3.8,-0.402299791716568
"S20389","MF",40,5,4.4,0.113951683749329
"S213345","MF",40,5,2.6,-0.787092354359993
"S22164","MF",40,5,3.4,-0.194312713428977
"S236477","MF",40,5,7.2,0.412886628340689
"S267330","MF",40,5,6.1,0.00828961338524978
"S282477","MF",40,5,4.5,-0.205809409292596
"S284973","MF",40,5,5.3,0.0328359586012047
"S349627","MF",40,5,5.9,-0.356267454754963
"S361734","MF",40,5,1.8,-0.389765362353577
"S387505","MF",40,5,3.5,-0.387981383858932
"S428653","MF",40,5,1.8,-0.390871840148949
"S472335","MF",40,5,2.4,-0.468364216689974
"S496806","MF",40,5,1.6,-0.846394533357497
"S562049","MF",40,5,4.6,-0.281631206475835
"S570213","MF",40,5,6.1,-0.134048066591881
"S575325","MF",40,5,2.4,-0.439982536145566
"S600925","MF",40,5,4.4,0.170131881374047
"S602970","MF",40,5,3,-0.209050372102451
"S615193","MF",40,5,4.1,-0.127090940954121
"S615669","MF",40,5,5.6,6.10622663543836e-16
"S616430","MF",40,5,6,-0.284872697086071
"S623437","MF",40,5,4.4,-0.10467221221174
"S6293","MF",40,5,5.2,-0.491613962830682
"S695197","MF",40,5,3.4,-0.407763640410321
"S709881","MF",40,5,4.1,0.18774107074485
"S762444","MF",40,5,2.8,-0.489754336659934
"S767745","MF",40,5,4.5,-0.422221539049563
"S791626","MF",40,5,4.2,-0.227526236720655
"S798456","MF",40,5,5.5,0.162796854923506
"S816021","MF",40,5,4.5,-0.26358402025579
"S858365","MF",40,5,4.5,0.0598921320654393
"S914317","MF",40,5,3.7,0.355547860677628
"S95626","MF",40,5,1.1,-0.127047428449528
"S956845","MF",40,5,2.4,-0.57287605133947
"S992485","MF",40,5,3.2,-0.374104304007066
"S100308","BNB",50,6,3.3,-0.164703349607904
"S103286","BNB",50,6,4.6,0.0454185733405478
"S107926","BNB",50,6,3,-0.67954490746651
"S109121","BNB",50,6,4,-0.0259609937339303
"S109238","BNB",50,6,3.1,-0.296479609341151
"S111055","BNB",50,6,4.5,-0.591606699306631
"S111258","BNB",50,6,3.2,-1.00120366002701
"S112298","BNB",50,6,3.1,-0.60064487302101
"S117554","BNB",50,6,5.2,-0.00825505116111248
"S118340","BNB",50,6,4.3,0.4759977875649
"S120030","BNB",50,6,2.8,-0.55125768988505
"S122036","BNB",50,6,3.5,-0.277801634680239
"S122162","BNB",50,6,3.7,-0.566396944801311
"S125394","BNB",50,6,4.4,-0.515620062333479
"S127607","BNB",50,6,5.4,0.148192979611456
"S128436","BNB",50,6,3,-0.773129112591396
"S129051","BNB",50,6,4.3,-0.790408539767346
"S133258","BNB",50,6,2.4,0.256588129958262
"S133476","BNB",50,6,7.1,0.478335305745908
"S139783","BNB",50,6,5.5,-0.0461717376525596
"S141110","BNB",50,6,2.8,-0.834014280914243
"S141340","BNB",50,6,4.5,-0.623784010281449
"S148875","BNB",50,6,4.1,-0.555384596274365
"S150164","BNB",50,6,3.3,-0.402302294453252
"S151949","BNB",50,6,3.4,-0.665222646124169
"S152497","BNB",50,6,5.3,-0.228577804512819
"S153814","BNB",50,6,3.7,-0.891704102314975
"S154974","BNB",50,6,4.7,-0.112659856120861
"S155878","BNB",50,6,4.6,-0.0536015446209756
"S157145","BNB",50,6,3.6,-0.243556416238942
"S158460","BNB",50,6,3.5,-0.0443646833307153
"S160116","BNB",50,6,6.2,0.660258528906604
"S165922","BNB",50,6,5.7,-0.191180348060022
"S166180","BNB",50,6,2.9,0.029913862318636
"S166469","BNB",50,6,2.2,-0.185011396977504
"S167584","BNB",50,6,3.8,-0.220489495410074
"S168318","BNB",50,6,4.5,0.046697942388327
"S169734","BNB",50,6,2.8,-0.14548500711386
"S170685","BNB",50,6,3.6,-0.648923987443987
"S173721","BNB",50,6,7.1,0.185481155168715
"S173838","BNB",50,6,4.4,0.287545868126089
"S178112","BNB",50,6,4.1,-0.31332780358665
"S178377","BNB",50,6,4.5,-0.21966683615351
"S178608","BNB",50,6,4,-0.662935398287118
"S186028","BNB",50,6,4.8,-0.350397592873244
"S186663","BNB",50,6,4.1,-0.312457650067248
"S189738","BNB",50,6,5.1,-0.541206527741289
"S190971","BNB",50,6,2.2,-0.871738830813992
"S192386","BNB",50,6,3.2,-0.566861974439434
"S193331","BNB",50,6,2.4,-0.317117739853783
"S194682","BNB",50,6,4.3,-0.423890945795818
"S196939","BNB",50,6,6.1,-0.0852658015677795
"S197188","BNB",50,6,5.1,-0.158486399225482
"S197761","BNB",50,6,3.7,-0.2500309152806
"S199274","BNB",50,6,4.9,-0.649182924965313
"S199712","BNB",50,6,3,-0.162115634148921
"S221427","BNB",50,6,7.1,0.0588154521746189
"S222845","BNB",50,6,1.6,-0.277906502138554
"S232880","BNB",50,6,4.5,-0.43727976353109
"S237727","BNB",50,6,4.2,-0.546160060798466
"S263935","BNB",50,6,1.5,-0.319274469284424
"S265251","BNB",50,6,2.8,-0.703095302907078
"S299875","BNB",50,6,4.6,-0.0871759350145434
"S318311","BNB",50,6,2.8,-0.120847050140209
"S351463","BNB",50,6,7.1,0.211529475635635
"S351739","BNB",50,6,4.8,-0.211181684231649
"S356783","BNB",50,6,4.1,-0.527352479699774
"S357531","BNB",50,6,4.3,-0.68304584012797
"S359815","BNB",50,6,2.3,-0.737970869428768
"S370367","BNB",50,6,3.6,-0.253962677218758
"S407465","BNB",50,6,1.5,-0.872545056790963
"S409611","BNB",50,6,3.5,-0.576530587526744
"S421791","BNB",50,6,2.1,-0.304592056296999
"S426279","BNB",50,6,4,-0.571549761522185
"S443739","BNB",50,6,2.9,-0.311004425428109
"S450951","BNB",50,6,2.1,-0.445099851600149
"S466283","BNB",50,6,5.6,0.784871881609508
"S513236","BNB",50,6,7.6,0.32275305513739
"S597823","BNB",50,6,2.7,-0.130204201882788
"S601451","BNB",50,6,4.6,0.0584087373145412
"S701547","BNB",50,6,1.7,-0.866656858193394
"S703335","BNB",50,6,4,0.129471450964249
"S749123","BNB",50,6,1.6,-0.875380012069428
"S7529","BNB",50,6,1.4,-0.841486951743132
"S769971","BNB",50,6,4.8,-0.22526581211298
"S805681","BNB",50,6,3.5,-0.255253072269521
"S83419","BNB",50,6,5.3,0.50195719171517
"S8519","BNB",50,6,3.5,-0.225437095002146
"S929127","BNB",50,6,1.5,-0.542628380883404
"S930399","BNB",50,6,3.3,0.00521926605463202
"S930683","BNB",50,6,2.9,0.0320186116889014
"S93491","BNB",50,6,3.8,-0.242606692601742
"S982891","BNB",50,6,4.6,-1.06596407275756
"S101436","CONTROL",50,6,4,0.171164678480955
"S103836","CONTROL",50,6,5.4,-0.30043207348152
"S103948","CONTROL",50,6,4.4,-0.346402119318647
"S104466","CONTROL",50,6,5.1,0.163821673012738
"S105714","CONTROL",50,6,2.9,-0.503067322182369
"S107615","CONTROL",50,6,2.1,-0.077860183563645
"S111200","CONTROL",50,6,6,-0.131119903226329
"S112557","CONTROL",50,6,3.5,-0.158681036856662
"S114076","CONTROL",50,6,3.6,-0.33413855781119
"S117646","CONTROL",50,6,5.9,0.0572202244227751
"S121049","CONTROL",50,6,5.8,-0.0915997371758415
"S127067","CONTROL",50,6,5.6,0.0253962977766833
"S128865","CONTROL",50,6,3.7,-0.130941978342857
"S128920","CONTROL",50,6,2.8,-0.389787826390974
"S130610","CONTROL",50,6,3.8,-0.0543009437956914
"S133456","CONTROL",50,6,5.9,0.209925910945405
"S133815","CONTROL",50,6,3.3,0.127941990849699
"S134059","CONTROL",50,6,3.8,0.181671456895187
"S139912","CONTROL",50,6,4.7,0.140913730566034
"S146367","CONTROL",50,6,5.2,0.208655951937534
"S151372","CONTROL",50,6,3.5,-0.072141212001602
"S155197","CONTROL",50,6,4.3,-0.0838285492192352
"S156430","CONTROL",50,6,5.6,-0.40202873295375
"S159029","CONTROL",50,6,5.3,0.127309872111195
"S159566","CONTROL",50,6,4.7,-0.372684755760661
"S166476","CONTROL",50,6,4.4,-0.0061190071015568
"S166785","CONTROL",50,6,7.1,0.397539656086179
"S169612","CONTROL",50,6,5.4,-0.123469653132888
"S170151","CONTROL",50,6,4.2,-0.343684883498783
"S170500","CONTROL",50,6,3.4,-0.0050545792305458
"S172752","CONTROL",50,6,2.9,-0.339811501879684
"S173400","CONTROL",50,6,4.7,-0.242400376450579
"S173566","CONTROL",50,6,4.7,0.392105941741976
"S174250","CONTROL",50,6,4.2,0.0824705691834635
"S175492","CONTROL",50,6,5.9,-0.143436257405046
"S176552","CONTROL",50,6,3.6,-0.439069662881148
"S177092","CONTROL",50,6,5.4,-0.101007205866319
"S177540","CONTROL",50,6,4.7,-0.09967417937345
"S178208","CONTROL",50,6,3.5,-0.162950729493144
"S178617","CONTROL",50,6,3.3,-0.287855996796488
"S184178","CONTROL",50,6,1.1,-0.575946101454257
"S187259","CONTROL",50,6,3.9,0.0514606853626929
"S190265","CONTROL",50,6,4.2,-0.395912967019122
"S192073","CONTROL",50,6,4.8,0.236120524479328
"S195050","CONTROL",50,6,4.7,-0.21108118077888
"S25876","CONTROL",50,6,6.2,-0.154423149357863
"S299036","CONTROL",50,6,2.5,-0.441250800465946
"S312604","CONTROL",50,6,3.3,0.313854883004125
"S320144","CONTROL",50,6,4.1,0.456616512802842
"S331344","CONTROL",50,6,5.6,-0.399791193176631
"S337316","CONTROL",50,6,5.9,-0.0522821623474745
"S34288","CONTROL",50,6,5.4,-0.135056429795987
"S345504","CONTROL",50,6,3.9,-0.060620574729038
"S346580","CONTROL",50,6,3.9,0.624049081962279
"S371276","CONTROL",50,6,4.2,0.0336222817437969
"S378572","CONTROL",50,6,3.6,-0.127732292351548
"S401784","CONTROL",50,6,3.8,-0.144447374089796
"S424424","CONTROL",50,6,5.6,-0.00977948690603383
"S425752","CONTROL",50,6,6.8,-0.0865250318487492
"S458528","CONTROL",50,6,4,-0.237034948921692
"S476264","CONTROL",50,6,2,-0.154238731225228
"S493900","CONTROL",50,6,3.2,-0.289035865151384
"S517196","CONTROL",50,6,3.7,-0.0851307232268278
"S547912","CONTROL",50,6,2.3,-0.752367848470821
"S550104","CONTROL",50,6,3,-0.689930399099009
"S556552","CONTROL",50,6,2.5,-0.588668332512222
"S591336","CONTROL",50,6,1.6,-0.339646236262566
"S600444","CONTROL",50,6,1.2,-0.0438219859802156
"S647412","CONTROL",50,6,2.7,-0.265640985511445
"S700620","CONTROL",50,6,6.1,-0.0190334884561684
"S714848","CONTROL",50,6,6.4,0.242733166353297
"S740456","CONTROL",50,6,5,0.194327545523728
"S742940","CONTROL",50,6,3.2,-0.273308443130097
"S853788","CONTROL",50,6,3.7,-0.119031249355968
"S859252","CONTROL",50,6,3.7,-0.2544208610621
"S87776","CONTROL",50,6,6.5,0.224801108908178
"S914816","CONTROL",50,6,3.2,-0.453538502600913
"S967984","CONTROL",50,6,1.9,-0.308844873911007
"S97756","CONTROL",50,6,2.5,-0.217092151474764
"S979196","CONTROL",50,6,4.2,-0.35761311717309
"S99220","CONTROL",50,6,3.3,0.0381721552098894
"S100268","GCNB",50,6,4.9,0.168796512557607
"S101426","GCNB",50,6,4.2,0.15482580375399
"S108206","GCNB",50,6,2.5,-0.3640814292592
"S111581","GCNB",50,6,5.4,-0.123469653132886
"S112781","GCNB",50,6,3.2,-0.0582664364226354
"S116638","GCNB",50,6,3.5,-0.215420275774749
"S120038","GCNB",50,6,5.8,0.366584504072851
"S120670","GCNB",50,6,2.4,-0.620646891824063
"S121625","GCNB",50,6,5,0.100933396981413
"S122128","GCNB",50,6,2.6,-0.0405188099449665
"S122977","GCNB",50,6,4.1,0.0339254345348442
"S124926","GCNB",50,6,3.1,-0.268978801798013
"S125602","GCNB",50,6,4.2,-0.0903654663016988
"S126780","GCNB",50,6,4.8,-0.256040313148813
"S127274","GCNB",50,6,5.3,-0.409671860449809
"S133325","GCNB",50,6,3.2,-0.251755994363139
"S135584","GCNB",50,6,5.3,-0.0284425518737678
"S137608","GCNB",50,6,4.2,-0.381278536364062
"S139710","GCNB",50,6,5.5,-0.328361769444688
"S147341","GCNB",50,6,6.9,0.109237873214713
"S147513","GCNB",50,6,3.6,-0.186762905243841
"S150595","GCNB",50,6,4.4,-0.307316795406034
"S154306","GCNB",50,6,5.3,-0.671575686935735
"S157684","GCNB",50,6,4,-0.224704657219783
"S158868","GCNB",50,6,6,0.211256390112234
"S162928","GCNB",50,6,2.5,-0.661915105406522
"S164665","GCNB",50,6,1.9,-0.730778460798401
"S165163","GCNB",50,6,5.8,-0.342379900062876
"S165861","GCNB",50,6,4.3,0.166224353732826
"S168489","GCNB",50,6,1.9,-0.476490754052968
"S169936","GCNB",50,6,4.4,0.0356705767260563
"S170565","GCNB",50,6,5.1,-0.41994164829067
"S172340","GCNB",50,6,4.4,-0.597647775126702
"S173118","GCNB",50,6,4.8,0.0731767447391655
"S175338","GCNB",50,6,5.8,-0.315559397841549
"S176867","GCNB",50,6,3.7,-0.126650196071966
"S179843","GCNB",50,6,1.8,-0.205439031828432
"S183974","GCNB",50,6,6,0.177193753994493
"S185803","GCNB",50,6,5.5,0.14628411065737
"S189376","GCNB",50,6,5.8,0.362745274294729
"S191428","GCNB",50,6,6.4,-0.267083897323334
"S194355","GCNB",50,6,4.4,-0.24061193673089
"S196126","GCNB",50,6,3.1,-0.427377642681425
"S21298","GCNB",50,6,2.3,-0.198024300618549
"S219146","GCNB",50,6,5.4,-0.121130743658874
"S27790","GCNB",50,6,5.1,-0.63735821818461
"S313330","GCNB",50,6,4.7,-0.652925156120686
"S365962","GCNB",50,6,2.2,0.18414757360857
"S382422","GCNB",50,6,3.1,-0.531508954035764
"S38498","GCNB",50,6,4.1,-0.571922808111863
"S415834","GCNB",50,6,4.4,-0.0475762327575059
"S42010","GCNB",50,6,3.2,-0.50803240937022
"S42186","GCNB",50,6,2.1,-0.39905221977341
"S49024","GCNB",50,6,5.2,-0.169550908668404
"S515930","GCNB",50,6,4.8,0.283051977071811
"S522522","GCNB",50,6,5.2,0.292268383375094
"S528178","GCNB",50,6,6.8,-0.0184057691708968
"S528750","GCNB",50,6,3.3,-0.121715022660715
"S557898","GCNB",50,6,5.9,0.463790501030246
"S559274","GCNB",50,6,5.2,-0.401979883174336
"S59401","GCNB",50,6,4.7,0.13061588829304
"S629815","GCNB",50,6,3.2,-0.546189354583608
"S670417","GCNB",50,6,4.6,0.0104437012635586
"S67246","GCNB",50,6,5.2,-0.310767584473012
"S703286","GCNB",50,6,3.2,-0.724589833716459
"S708454","GCNB",50,6,3.6,-0.440850075135607
"S7238","GCNB",50,6,4,-1.13196405718881
"S736774","GCNB",50,6,3.5,-0.64227318165849
"S740938","GCNB",50,6,2.8,-0.0184676067706358
"S742526","GCNB",50,6,4.9,0.196877313402966
"S809282","GCNB",50,6,2.8,-0.513079753257022
"S814770","GCNB",50,6,2.6,-0.286817277972224
"S817510","GCNB",50,6,3.3,-0.555373018624919
"S827814","GCNB",50,6,5.1,0.312841571083518
"S872282","GCNB",50,6,3.3,-0.171928246759799
"S873154","GCNB",50,6,5.8,-0.033195491089184
"S888710","GCNB",50,6,4.7,-0.0394273193176991
"S893382","GCNB",50,6,3,-0.0692253204079922
"S100645","MF",50,6,2.4,0.158941112747494
"S102327","MF",50,6,3.9,0.197234637800716
"S102624","MF",50,6,7.5,0.019675900884805
"S104332","MF",50,6,4.8,0.171171019909291
"S104905","MF",50,6,3.4,-0.34236671907619
"S106426","MF",50,6,5.9,-0.062643033197665
"S106590","MF",50,6,2.8,-0.4038166293556
"S107841","MF",50,6,4.9,-0.653840547655534
"S110825","MF",50,6,4.1,0.0518188030857042
"S111925","MF",50,6,2.2,-0.230667685820591
"S112377","MF",50,6,5.8,0.156690016976027
"S11313","MF",50,6,3.5,-0.523987875911697
"S116301","MF",50,6,2.3,-0.074359410142903
"S116783","MF",50,6,4.3,-0.220564735416629
"S118113","MF",50,6,3.6,-0.20429359919616
"S124057","MF",50,6,5.6,0.0131210650698875
"S126799","MF",50,6,4.9,0.0705492145716326
"S134698","MF",50,6,3.2,-0.0364549641835635
"S135698","MF",50,6,4.9,-0.15718921498902
"S138343","MF",50,6,4.8,0.160634209715633
"S139034","MF",50,6,2,-0.277650378312485
"S139222","MF",50,6,3.3,-0.709534701846164
"S143665","MF",50,6,3.3,-0.262684010283443
"S146106","MF",50,6,3.3,-0.315919157490161
"S147257","MF",50,6,2.7,-0.415653443257418
"S152279","MF",50,6,3.8,-0.377057944921199
"S153486","MF",50,6,4.1,-0.29153501136505
"S153846","MF",50,6,2.3,-0.406735684152003
"S159064","MF",50,6,2.9,-0.447649217730118
"S160715","MF",50,6,3.9,-0.100281831725669
"S163836","MF",50,6,3.5,-0.224297196258869
"S165219","MF",50,6,4.2,-0.0152346058638798
"S165565","MF",50,6,4.9,-0.142699135575791
"S176939","MF",50,6,4.8,-0.378468359623675
"S182590","MF",50,6,4.3,-0.248776699961044
"S183153","MF",50,6,5.9,0.169691984634007
"S186017","MF",50,6,4.4,-0.634906693046892
"S187171","MF",50,6,2.5,-0.412058467270015
"S188925","MF",50,6,4.4,0.0451476294440882
"S192012","MF",50,6,3.4,0.0165020971486069
"S194097","MF",50,6,7.5,-0.483228130318658
"S194645","MF",50,6,5.7,-0.327714644147795
"S194863","MF",50,6,1.6,-0.266325202040086
"S197042","MF",50,6,4.9,-1.35408569099155
"S198209","MF",50,6,4.7,0.121748621177382
"S20389","MF",50,6,3.2,-0.540031892551174
"S213345","MF",50,6,2.9,-0.643589328426956
"S22164","MF",50,6,3.2,-0.316452133298621
"S236477","MF",50,6,7,0.179976222610044
"S267330","MF",50,6,6.2,0.0994753606229991
"S282477","MF",50,6,4,-0.548825091446925
"S284973","MF",50,6,5.8,0.394031503214463
"S349627","MF",50,6,5.3,-0.7548039295656
"S361734","MF",50,6,1.6,-0.564762055655182
"S387505","MF",50,6,3.1,-0.628420551320806
"S428653","MF",50,6,2.4,0.169944278325629
"S472335","MF",50,6,2.9,-0.0528798309166102
"S496806","MF",50,6,2.4,-0.31054763454124
"S562049","MF",50,6,5.1,0.0961667534307728
"S570213","MF",50,6,6.6,0.480338905287578
"S575325","MF",50,6,2.3,-0.502837184166362
"S600925","MF",50,6,4.5,0.228614715596377
"S602970","MF",50,6,3,-0.209050372102451
"S615193","MF",50,6,3.5,-0.397671653953218
"S615669","MF",50,6,5.8,0.159958914912844
"S616430","MF",50,6,6,-0.28487269708607
"S623437","MF",50,6,4,-0.323985418750623
"S6293","MF",50,6,5.5,-0.296152989657037
"S695197","MF",50,6,3.3,-0.475724247145375
"S709881","MF",50,6,3.5,-0.254791453153726
"S762444","MF",50,6,2.7,-0.570161765066788
"S767745","MF",50,6,3.8,-0.844443078099129
"S791626","MF",50,6,4.3,-0.161663378722571
"S798456","MF",50,6,4.9,-0.207706332143785
"S816021","MF",50,6,3.7,-0.650173916630948
"S858365","MF",50,6,4.1,-0.316572698060181
"S914317","MF",50,6,2.8,-0.251335556685911
"S95626","MF",50,6,1,-0.30173764256763
"S956845","MF",50,6,2,-0.832737352977994
"S992485","MF",50,6,3.3,-0.259794655560462
"S100308","BNB",60,7,3.9,0.100428871712137
"S103286","BNB",60,7,4.4,-0.154423149357864
"S107926","BNB",60,7,3.9,-0.2564320405534
"S109121","BNB",60,7,3.9,-0.0973537265022393
"S109238","BNB",60,7,3.4,-0.0689487463584087
"S111055","BNB",60,7,4.5,-0.591606699306631
"S111258","BNB",60,7,3.5,-0.819666732659472
"S112298","BNB",60,7,3.8,-0.164327370920844
"S117554","BNB",60,7,4.9,-0.280671739477829
"S118340","BNB",60,7,4.1,0.334484931802362
"S120030","BNB",60,7,3.2,-0.382817840197952
"S122036","BNB",60,7,3.7,-0.128737342900598
"S122162","BNB",60,7,3.9,-0.402439934464089
"S125394","BNB",60,7,4.8,-0.228439268122428
"S127607","BNB",60,7,4.6,-0.418806246728026
"S128436","BNB",60,7,3.7,-0.391520512145642
"S129051","BNB",60,7,4.5,-0.61651866101853
"S133258","BNB",60,7,2.2,0.125310482072639
"S133476","BNB",60,7,6.8,0.239167652872954
"S139783","BNB",60,7,5.7,0.0989394378269124
"S141110","BNB",60,7,4,-0.090163706044783
"S141340","BNB",60,7,4.7,-0.460412007588689
"S148875","BNB",60,7,4.8,-0.0338649144069728
"S150164","BNB",60,7,2.9,-0.697323977052303
"S151949","BNB",60,7,3.8,-0.241022697871076
"S152497","BNB",60,7,5.6,0.0408174650915746
"S153814","BNB",60,7,4.4,-0.36354090325149
"S154974","BNB",60,7,4.8,-0.0474357288929943
"S155878","BNB",60,7,4.9,0.241206950794392
"S157145","BNB",60,7,4.4,0.243556416238941
"S158460","BNB",60,7,3.1,-0.288370441649646
"S160116","BNB",60,7,5.1,0.15461750360471
"S165922","BNB",60,7,5.3,-0.591748696376263
"S166180","BNB",60,7,3.2,0.227345353621638
"S166469","BNB",60,7,1.6,-0.566597403243606
"S167584","BNB",60,7,3.8,-0.220489495410075
"S168318","BNB",60,7,4.3,-0.15877300412031
"S169734","BNB",60,7,2.9,-0.0311753586672576
"S170685","BNB",60,7,4.4,-0.115229493097531
"S173721","BNB",60,7,6.7,-0.294587717032664
"S173838","BNB",60,7,3.7,-0.0287545868126097
"S178112","BNB",60,7,4.4,-0.0261106502988874
"S178377","BNB",60,7,4.8,-0.0968023345761228
"S178608","BNB",60,7,3.9,-0.724215140985926
"S186028","BNB",60,7,5,-0.116799197624415
"S186663","BNB",60,7,4.4,0.178547228609857
"S189738","BNB",60,7,5.1,-0.541206527741288
"S190971","BNB",60,7,3.4,-0.0994601350593141
"S192386","BNB",60,7,3.3,-0.488918452954012
"S193331","BNB",60,7,2.6,-0.182952542223336
"S194682","BNB",60,7,4.3,-0.423890945795818
"S196939","BNB",60,7,6,-0.18947955903951
"S197188","BNB",60,7,5.8,0.277351198644595
"S197761","BNB",60,7,3.9,-0.11251391187627
"S199274","BNB",60,7,5.4,-0.265257539233139
"S199712","BNB",60,7,2.8,-0.360256964775378
"S221427","BNB",60,7,8.1,0.597957097108619
"S222845","BNB",60,7,2.3,0.0322210437262086
"S232880","BNB",60,7,5,-0.107822407446021
"S237727","BNB",60,7,4.4,-0.44767218098235
"S263935","BNB",60,7,1.6,-0.250411348458372
"S265251","BNB",60,7,3.5,-0.286646546569809
"S299875","BNB",60,7,4,-0.566643577594529
"S318311","BNB",60,7,3.5,0.396109775459576
"S351463","BNB",60,7,7.1,0.211529475635635
"S351739","BNB",60,7,5.1,0.155607556802269
"S356783","BNB",60,7,4.5,-0.175784159899925
"S357531","BNB",60,7,4.7,-0.396817107121963
"S359815","BNB",60,7,3.7,0.20909174633815
"S370367","BNB",60,7,3.4,-0.507925354437514
"S407465","BNB",60,7,2.4,-0.384511380958729
"S409611","BNB",60,7,4,-0.0102951890629783
"S421791","BNB",60,7,2.2,-0.220829240815324
"S426279","BNB",60,7,4.3,-0.377104997292989
"S443739","BNB",60,7,3.3,-0.10047835283062
"S450951","BNB",60,7,2.4,-0.173094386733391
"S466283","BNB",60,7,4,-0.0894157839808309
"S513236","BNB",60,7,7.4,0.135896023215743
"S597823","BNB",60,7,2.7,-0.130204201882789
"S601451","BNB",60,7,4.9,0.233634949258168
"S701547","BNB",60,7,2.1,-0.685932205299985
"S703335","BNB",60,7,3.3,-0.345257202571332
"S749123","BNB",60,7,2.8,-0.322508425499263
"S7529","BNB",60,7,3.3,-0.204274006401412
"S769971","BNB",60,7,5.5,0.270318974535575
"S805681","BNB",60,7,3.6,-0.195512991525591
"S83419","BNB",60,7,4.9,0.181868547722887
"S8519","BNB",60,7,2.9,-0.638738435839415
"S929127","BNB",60,7,2,-0.0280669852181059
"S930399","BNB",60,7,2.5,-0.454076146752945
"S930683","BNB",60,7,2.7,-0.108863279742265
"S93491","BNB",60,7,4.4,0.129766370461397
"S982891","BNB",60,7,5.8,-0.420517936959405
"S101436","CONTROL",60,7,4.3,0.388412155014474
"S103836","CONTROL",60,7,5.7,-0.126497715150114
"S103948","CONTROL",60,7,5.3,0.14350944943201
"S104466","CONTROL",60,7,5.2,0.253923593169743
"S105714","CONTROL",60,7,3.6,0.0203946211695546
"S107615","CONTROL",60,7,2.1,-0.077860183563645
"S111200","CONTROL",60,7,6.2,1.01584322551029e-15
"S112557","CONTROL",60,7,4,0.105787357904442
"S114076","CONTROL",60,7,4.2,-0.00498714265389831
"S117646","CONTROL",60,7,6,0.109672096810317
"S121049","CONTROL",60,7,6.1,0.076333114313201
"S127067","CONTROL",60,7,5.6,0.0253962977766837
"S128865","CONTROL",60,7,3.5,-0.230277272258128
"S128920","CONTROL",60,7,4.1,0.184847835195723
"S130610","CONTROL",60,7,4.1,0.144802516788511
"S133456","CONTROL",60,7,5.6,0.027621830387553
"S133815","CONTROL",60,7,3.1,-0.00609247575474755
"S134059","CONTROL",60,7,4.2,0.431469710126069
"S139912","CONTROL",60,7,5.2,0.694503386361167
"S146367","CONTROL",60,7,4.9,0.0365147915890685
"S151372","CONTROL",60,7,3.9,0.139473009869769
"S155197","CONTROL",60,7,4.5,0.100594259063083
"S156430","CONTROL",60,7,6,0.0515421452504836
"S159029","CONTROL",60,7,5,-0.152771846533435
"S159566","CONTROL",60,7,5.7,0.152896310055655
"S166476","CONTROL",60,7,4.2,-0.140737163335806
"S166785","CONTROL",60,7,6.9,0.184225694283839
"S169612","CONTROL",60,7,5.8,0.21607189298255
"S170151","CONTROL",60,7,4.8,0.0925305455573654
"S170500","CONTROL",60,7,3.7,0.161746535377457
"S172752","CONTROL",60,7,3.9,0.201916979377783
"S173400","CONTROL",60,7,4.8,-0.159075247045693
"S173566","CONTROL",60,7,4.5,0.240766806332792
"S174250","CONTROL",60,7,4,-0.0242560497598438
"S175492","CONTROL",60,7,5.8,-0.218569535093404
"S176552","CONTROL",60,7,4.1,-0.209080791848165
"S177092","CONTROL",60,7,5.1,-0.297080017253877
"S177540","CONTROL",60,7,4.9,0.0569566739276857
"S178208","CONTROL",60,7,5.5,0.599797366006681
"S178617","CONTROL",60,7,3.6,-0.124075860688141
"S184178","CONTROL",60,7,1.4,-0.162767376497942
"S187259","CONTROL",60,7,3.4,-0.205842741450771
"S190265","CONTROL",60,7,4.8,-0.0955651989356502
"S192073","CONTROL",60,7,5.3,0.481151257429574
"S195050","CONTROL",60,7,6,0.337729889246206
"S25876","CONTROL",60,7,6.6,0.245260296038958
"S299036","CONTROL",60,7,2.5,-0.441250800465946
"S312604","CONTROL",60,7,2.6,-0.248164326096284
"S320144","CONTROL",60,7,3.6,-0.101470336178408
"S331344","CONTROL",60,7,6.2,0.149921697441237
"S337316","CONTROL",60,7,5.8,-0.124170135575252
"S34288","CONTROL",60,7,5.4,-0.135056429795987
"S345504","CONTROL",60,7,4.9,0.4950680269538
"S346580","CONTROL",60,7,3.9,0.624049081962278
"S371276","CONTROL",60,7,4.1,-0.0896594179834577
"S378572","CONTROL",60,7,3.4,-0.275632841390182
"S401784","CONTROL",60,7,4.1,0.135950469731572
"S424424","CONTROL",60,7,5.5,-0.117353842872393
"S425752","CONTROL",60,7,6.7,-0.192277848552777
"S458528","CONTROL",60,7,4.5,0.355552423382539
"S476264","CONTROL",60,7,1.9,-0.396613880293446
"S493900","CONTROL",60,7,4.4,0.357620646712731
"S517196","CONTROL",60,7,3.2,-0.47531320468312
"S547912","CONTROL",60,7,2.8,-0.415943200780616
"S550104","CONTROL",60,7,3.4,-0.324184163432064
"S556552","CONTROL",60,7,3,-0.207765293827843
"S591336","CONTROL",60,7,2,0.0435443892644326
"S600444","CONTROL",60,7,1.2,-0.0438219859802156
"S647412","CONTROL",60,7,3.3,0.041943313501807
"S700620","CONTROL",60,7,6.5,0.399703257579545
"S714848","CONTROL",60,7,6.6,0.345427967502768
"S740456","CONTROL",60,7,5.3,0.473145328231685
"S742940","CONTROL",60,7,3.1,-0.367258220456069
"S853788","CONTROL",60,7,3.6,-0.206320832217012
"S859252","CONTROL",60,7,4.7,0.463176439369465
"S87776","CONTROL",60,7,6.9,0.507408217249887
"S914816","CONTROL",60,7,3.7,-0.185316807514352
"S967984","CONTROL",60,7,2.4,0.138167443591767
"S97756","CONTROL",60,7,3.7,0.578912403932702
"S979196","CONTROL",60,7,4.6,-0.0607267557463738
"S99220","CONTROL",60,7,4.2,0.458065862518673
"S100268","GCNB",60,7,4.2,-0.0675186050230417
"S101426","GCNB",60,7,3.9,-0.185790964504785
"S108206","GCNB",60,7,3.7,-0.00543405118297191
"S111581","GCNB",60,7,5.9,0.493878612531545
"S112781","GCNB",60,7,3.4,0.101966263739612
"S116638","GCNB",60,7,3.8,-0.0574454068732667
"S120038","GCNB",60,7,5.4,-0.107818971786133
"S120670","GCNB",60,7,2.6,-0.512279974203988
"S121625","GCNB",60,7,5.3,0.322986870340518
"S122128","GCNB",60,7,2.9,0.226905335691812
"S122977","GCNB",60,7,3.8,-0.189982433395125
"S124926","GCNB",60,7,3.8,0.181268322950836
"S125602","GCNB",60,7,3.7,-0.44537265534409
"S126780","GCNB",60,7,5.1,-0.0723592189333598
"S127274","GCNB",60,7,5.7,-0.0418032510663058
"S133325","GCNB",60,7,2.9,-0.454388867874935
"S135584","GCNB",60,7,5.4,0.0758468049967137
"S137608","GCNB",60,7,4.4,-0.263135891293508
"S139710","GCNB",60,7,6,-0.027363480787057
"S147341","GCNB",60,7,6.6,-0.131085447857654
"S147513","GCNB",60,7,4.6,0.1936800498825
"S150595","GCNB",60,7,4.7,-0.151294422353741
"S154306","GCNB",60,7,5.7,-0.029198942910247
"S157684","GCNB",60,7,4.4,0.187253881016484
"S158868","GCNB",60,7,5.7,-0.00660176219100732
"S162928","GCNB",60,7,4.5,0.0848609109495544
"S164665","GCNB",60,7,3.6,-0.0038871194723311
"S165163","GCNB",60,7,5.9,-0.106993718769649
"S165861","GCNB",60,7,4.3,0.166224353732826
"S168489","GCNB",60,7,2.6,0.0630649527423048
"S169936","GCNB",60,7,4.5,0.166462691388261
"S170565","GCNB",60,7,6,0.309430688214179
"S172340","GCNB",60,7,4.7,-0.245462479069896
"S173118","GCNB",60,7,4.6,-0.105699742401015
"S175338","GCNB",60,7,6,-0.0841491727577454
"S176867","GCNB",60,7,4.3,0.112175887949455
"S179843","GCNB",60,7,2,-0.0763059261077036
"S183974","GCNB",60,7,5.9,0.0992285022369161
"S185803","GCNB",60,7,4.9,-0.27348768514204
"S189376","GCNB",60,7,5.2,-0.207283013882703
"S191428","GCNB",60,7,6.8,0.0127182808249199
"S194355","GCNB",60,7,4.7,-0.0716716407283506
"S196126","GCNB",60,7,4.3,0.0674806804233837
"S21298","GCNB",60,7,3.2,0.434375885227783
"S219146","GCNB",60,7,5,-0.334320852498492
"S27790","GCNB",60,7,5.5,-0.307431611124342
"S313330","GCNB",60,7,5.3,-0.271570640156392
"S365962","GCNB",60,7,1.9,-0.173315363396302
"S382422","GCNB",60,7,3.4,-0.320186116889015
"S38498","GCNB",60,7,4.6,-0.291067857699788
"S415834","GCNB",60,7,4.4,-0.047576232757506
"S42010","GCNB",60,7,3,-0.599644811059932
"S42186","GCNB",60,7,2.2,-0.345520824437953
"S49024","GCNB",60,7,5.2,-0.169550908668404
"S515930","GCNB",60,7,4.4,-0.235876647559843
"S522522","GCNB",60,7,5.5,0.516567375267608
"S528178","GCNB",60,7,7,0.184057691708969
"S528750","GCNB",60,7,4,0.599212419252749
"S557898","GCNB",60,7,5.8,0.382811207199568
"S559274","GCNB",60,7,5.2,-0.401979883174336
"S59401","GCNB",60,7,4.6,0.0408174650915746
"S629815","GCNB",60,7,3.4,-0.433888739622492
"S670417","GCNB",60,7,4.8,0.240205129061846
"S67246","GCNB",60,7,4.8,-0.573724771334792
"S703286","GCNB",60,7,3.7,-0.381034309109517
"S708454","GCNB",60,7,3.6,-0.440850075135607
"S7238","GCNB",60,7,5.6,-0.0373174963908386
"S736774","GCNB",60,7,4.1,-0.222569914436111
"S740938","GCNB",60,7,3.5,0.45553430034237
"S742526","GCNB",60,7,5.1,0.346232516674181
"S809282","GCNB",60,7,3,-0.349489107291015
"S814770","GCNB",60,7,3.2,0.143408638986112
"S817510","GCNB",60,7,3.8,-0.173554068320287
"S827814","GCNB",60,7,4.8,-0.136018074384139
"S872282","GCNB",60,7,3.3,-0.171928246759799
"S873154","GCNB",60,7,6.6,0.55104515208045
"S888710","GCNB",60,7,4.8,0.047312783181238
"S893382","GCNB",60,7,3.1,0.0576877670066618
"S100645","MF",60,7,2.6,0.427918380474021
"S102327","MF",60,7,3.6,0.0810070833824368
"S102624","MF",60,7,7.4,-0.0524690690261455
"S104332","MF",60,7,4.3,-0.132519499284613
"S104905","MF",60,7,4,-0.00510995103098816
"S106426","MF",60,7,5.9,-0.0626430331976653
"S106590","MF",60,7,3.1,-0.18171748321002
"S107841","MF",60,7,5.7,0.00751540859374179
"S110825","MF",60,7,3.9,-0.138183474895212
"S111925","MF",60,7,2.6,0.0512594857379102
"S112377","MF",60,7,5.8,0.156690016976027
"S11313","MF",60,7,3.5,-0.523987875911697
"S116301","MF",60,7,2.5,0.107408036873083
"S116783","MF",60,7,4.1,-0.393865598958267
"S118113","MF",60,7,4.2,0.150532125723487
"S124057","MF",60,7,5.8,0.109342208915727
"S126799","MF",60,7,5.1,0.225757486629225
"S134698","MF",60,7,3.5,0.113921763073638
"S135698","MF",60,7,4.5,-0.380296487876662
"S138343","MF",60,7,3.9,-0.336327876592108
"S139034","MF",60,7,3.5,0.22030953931317
"S139222","MF",60,7,4.2,-0.293890113190718
"S143665","MF",60,7,3.3,-0.262684010283444
"S146106","MF",60,7,3.3,-0.31591915749016
"S147257","MF",60,7,3.4,-0.15754606317015
"S152279","MF",60,7,4.1,-0.21753342976223
"S153486","MF",60,7,4.7,-0.0383598699164543
"S153846","MF",60,7,2.5,-0.301462918842073
"S159064","MF",60,7,2.8,-0.528372847156861
"S160715","MF",60,7,4.1,0.083568193104724
"S163836","MF",60,7,2.8,-0.732264376021602
"S165219","MF",60,7,4.6,0.208206280139692
"S165565","MF",60,7,4.8,-0.217446301829776
"S176939","MF",60,7,5.5,0.332313681620788
"S182590","MF",60,7,4.7,-0.0207313916634194
"S183153","MF",60,7,5.8,0.0885349485046994
"S186017","MF",60,7,4.8,-0.380944015828135
"S187171","MF",60,7,2.7,-0.214987026401747
"S188925","MF",60,7,4.7,0.257986453966218
"S192012","MF",60,7,3.7,0.19802516578328
"S194097","MF",60,7,8.3,0.0550513059856696
"S194645","MF",60,7,6.6,0.426791164471547
"S194863","MF",60,7,2.5,0.240717009536232
"S197042","MF",60,7,5.7,-0.688389932291792
"S198209","MF",60,7,4.9,0.238203824042705
"S20389","MF",60,7,3.2,-0.540031892551174
"S213345","MF",60,7,5,0.360931853104306
"S22164","MF",60,7,3.7,-0.0111035836245135
"S236477","MF",60,7,6.3,-0.635210197447212
"S267330","MF",60,7,6,-0.0828961338524981
"S282477","MF",60,7,4.6,-0.137206272861731
"S284973","MF",60,7,5.1,-0.111642259244098
"S349627","MF",60,7,6.2,-0.156999217349644
"S361734","MF",60,7,2.2,-0.0397719757503647
"S387505","MF",60,7,3.9,-0.147542216397059
"S428653","MF",60,7,2.2,-0.0169944278325638
"S472335","MF",60,7,3.7,0.611895186320773
"S496806","MF",60,7,2.9,0.0243566772189211
"S562049","MF",60,7,4.9,-0.0549524305318704
"S570213","MF",60,7,6.4,0.234584116535795
"S575325","MF",60,7,3.1,-2.19279889385193e-16
"S600925","MF",60,7,4.1,-0.00531662129293902
"S602970","MF",60,7,3.4,0.108129502811613
"S615193","MF",60,7,4.8,0.188586557544825
"S615669","MF",60,7,5.5,-0.0799794574564208
"S616430","MF",60,7,6.1,-0.176817536122389
"S623437","MF",60,7,4.6,0.0049843910577017
"S6293","MF",60,7,5.5,-0.296152989657037
"S695197","MF",60,7,3.7,-0.203881820205161
"S709881","MF",60,7,3.6,-0.181036032503964
"S762444","MF",60,7,2.8,-0.489754336659934
"S767745","MF",60,7,5.5,0.1809520881641
"S791626","MF",60,7,4.6,0.0359251952716824
"S798456","MF",60,7,5.1,-0.0842052697880209
"S816021","MF",60,7,4.4,-0.311907757302684
"S858365","MF",60,7,4.3,-0.128340282997371
"S914317","MF",60,7,2.5,-0.453630029140423
"S95626","MF",60,7,1.4,0.397023213904776
"S956845","MF",60,7,3.2,-0.0531534480624244
"S992485","MF",60,7,3,-0.602723600900272
"S100308","BNB",70,8,3.7,0.0120514646054569
"S103286","BNB",70,8,5.3,0.744864602784984
"S107926","BNB",70,8,4.6,0.0726557448234631
"S109121","BNB",70,8,4.8,0.545180868412542
"S109238","BNB",70,8,3.6,0.0827384956300886
"S111055","BNB",70,8,5.4,-0.0229750174488014
"S111258","BNB",70,8,4.2,-0.396080568801893
"S112298","BNB",70,8,4.3,0.147327987722134
"S117554","BNB",70,8,5.3,0.0825505116111267
"S118340","BNB",70,8,4.1,0.334484931802361
"S120030","BNB",70,8,3.7,-0.172268028089078
"S122036","BNB",70,8,4,0.0948590947688626
"S122162","BNB",70,8,4.6,0.171409601716188
"S125394","BNB",70,8,5.4,0.20233192319415
"S127607","BNB",70,8,4.9,-0.20618153685072
"S128436","BNB",70,8,4.3,-0.0644274260492832
"S129051","BNB",70,8,4.8,-0.355683842895306
"S133258","BNB",70,8,2.7,0.453504601786695
"S133476","BNB",70,8,7,0.398612754788257
"S139783","BNB",70,8,6.4,0.606828552005064
"S141110","BNB",70,8,5.2,0.653686868824675
"S141340","BNB",70,8,5.4,0.111390001835973
"S148875","BNB",70,8,5.1,0.189643520679052
"S150164","BNB",70,8,3.7,-0.107280611854201
"S151949","BNB",70,8,3.9,-0.134972710807802
"S152497","BNB",70,8,6.2,0.579608004300363
"S153814","BNB",70,8,5.2,0.240074181392492
"S154974","BNB",70,8,5.7,0.539581416157807
"S155878","BNB",70,8,5.1,0.43774594773797
"S157145","BNB",70,8,4.3,0.182667312179207
"S158460","BNB",70,8,3.6,0.0166367562490175
"S160116","BNB",70,8,5.6,0.384454333287389
"S165922","BNB",70,8,6,0.109245913177157
"S166180","BNB",70,8,3.3,0.293155850722639
"S166469","BNB",70,8,2.2,-0.185011396977504
"S167584","BNB",70,8,4.2,-0.0140737975793661
"S168318","BNB",70,8,4.2,-0.261508477374628
"S169734","BNB",70,8,3.2,0.311753586672553
"S170685","BNB",70,8,4.4,-0.115229493097531
"S173721","BNB",70,8,7.2,0.305498373219059
"S173838","BNB",70,8,5.5,0.784589440172616
"S178112","BNB",70,8,5.1,0.644062707372558
"S178377","BNB",70,8,5.9,0.353700837874294
"S178608","BNB",70,8,4.5,-0.356536684793071
"S186028","BNB",70,8,5.5,0.467196790497657
"S186663","BNB",70,8,4.4,0.178547228609857
"S189738","BNB",70,8,5.9,0.0125861983195648
"S190971","BNB",70,8,3.9,0.222322654838467
"S192386","BNB",70,8,4.3,0.290516761900209
"S193331","BNB",70,8,2.4,-0.317117739853783
"S194682","BNB",70,8,4.6,-0.164846478920596
"S196939","BNB",70,8,6.2,0.0189479559039517
"S197188","BNB",70,8,6.3,0.588663768551792
"S197761","BNB",70,8,3.7,-0.250030915280601
"S199274","BNB",70,8,6.1,0.272238000791906
"S199712","BNB",70,8,3.2,0.036025696477537
"S221427","BNB",70,8,7.7,0.382300439135019
"S222845","BNB",70,8,3.6,0.608172200332197
"S232880","BNB",70,8,4.5,-0.437279763531089
"S237727","BNB",70,8,4.4,-0.447672180982351
"S263935","BNB",70,8,2.1,0.0939042556718902
"S265251","BNB",70,8,4.9,0.54625096610473
"S299875","BNB",70,8,4.9,0.15255788627545
"S318311","BNB",70,8,3.5,0.396109775459576
"S351463","BNB",70,8,7,0.0176274563029691
"S351739","BNB",70,8,5.3,0.400133717491546
"S356783","BNB",70,8,4.8,0.087892079949962
"S357531","BNB",70,8,5.9,0.461869091896054
"S359815","BNB",70,8,4,0.412033735431061
"S370367","BNB",70,8,3.5,-0.380944015828136
"S407465","BNB",70,8,2.6,-0.27605945299601
"S409611","BNB",70,8,4.5,0.555940209400786
"S421791","BNB",70,8,2.7,0.197984836593048
"S426279","BNB",70,8,4.5,-0.247475154473524
"S443739","BNB",70,8,3.9,0.215310756065614
"S450951","BNB",70,8,3,0.370916543000125
"S466283","BNB",70,8,3.4,-0.41727365857721
"S513236","BNB",70,8,8,0.696467118980684
"S597823","BNB",70,8,3.2,0.181153672184746
"S601451","BNB",70,8,4.7,0.116817474629085
"S701547","BNB",70,8,3.6,-0.00821475694970089
"S703335","BNB",70,8,4.1,0.197289830040761
"S749123","BNB",70,8,3.1,-0.184290528856722
"S7529","BNB",70,8,4,0.0304886576718533
"S769971","BNB",70,8,5,-0.0836701587848223
"S805681","BNB",70,8,4.4,0.282407654425853
"S83419","BNB",70,8,5,0.261890708720958
"S8519","BNB",70,8,3.9,0.0500971322226994
"S929127","BNB",70,8,2.2,0.177757573048012
"S930399","BNB",70,8,2.3,-0.568899999954839
"S930683","BNB",70,8,3.4,0.384223340266818
"S93491","BNB",70,8,4.9,0.440077256347346
"S982891","BNB",70,8,7.3,0.386289732788292
"S101436","CONTROL",70,8,5,0.895322933592686
"S103836","CONTROL",70,8,6.8,0.511261598731711
"S103948","CONTROL",70,8,5.5,0.252378686932155
"S104466","CONTROL",70,8,5.3,0.344025513326748
"S105714","CONTROL",70,8,4.3,0.543856564521479
"S107615","CONTROL",70,8,2.3,0.112464709591934
"S111200","CONTROL",70,8,6.3,0.0655599516131665
"S112557","CONTROL",70,8,4.2,0.211574715808884
"S114076","CONTROL",70,8,4.1,-0.0598457118467801
"S117646","CONTROL",70,8,7.3,0.791546437848393
"S121049","CONTROL",70,8,6.7,0.412198817291289
"S127067","CONTROL",70,8,5.9,0.193011863102797
"S128865","CONTROL",70,8,3.2,-0.379280213131033
"S128920","CONTROL",70,8,5.2,0.671078010384464
"S130610","CONTROL",70,8,4.2,0.211170336983246
"S133456","CONTROL",70,8,6.7,0.696070125766345
"S133815","CONTROL",70,8,3.3,0.127941990849698
"S134059","CONTROL",70,8,4.3,0.49391927343379
"S139912","CONTROL",70,8,5.2,0.694503386361167
"S146367","CONTROL",70,8,5.4,0.323416725503177
"S151372","CONTROL",70,8,4.5,0.456894342676825
"S155197","CONTROL",70,8,4.7,0.285017067345401
"S156430","CONTROL",70,8,6.1,0.164934864801542
"S159029","CONTROL",70,8,6.1,0.874194455163542
"S159566","CONTROL",70,8,6.3,0.468244949545444
"S166476","CONTROL",70,8,4.6,0.128499149132692
"S166785","CONTROL",70,8,7,0.290882675185009
"S169612","CONTROL",70,8,6.1,0.470728052569128
"S170151","CONTROL",70,8,4.9,0.165233117066723
"S170500","CONTROL",70,8,5.1,0.940151736881471
"S172752","CONTROL",70,8,4.5,0.526954068132264
"S173400","CONTROL",70,8,5.3,0.25755039997874
"S173566","CONTROL",70,8,4.5,0.240766806332792
"S174250","CONTROL",70,8,4.7,0.349287116541733
"S175492","CONTROL",70,8,6.2,0.0819635756600258
"S176552","CONTROL",70,8,4.8,0.11290362759801
"S177092","CONTROL",70,8,6.3,0.487211228296355
"S177540","CONTROL",70,8,4.9,0.0569566739276853
"S178208","CONTROL",70,8,5.9,0.752346985106645
"S178617","CONTROL",70,8,3.1,-0.397042754202053
"S184178","CONTROL",70,8,1.3,-0.300493618150047
"S187259","CONTROL",70,8,4,0.102921370725385
"S190265","CONTROL",70,8,5.4,0.204782569147822
"S192073","CONTROL",70,8,5.6,0.628169697199722
"S195050","CONTROL",70,8,6.3,0.464378597713533
"S25876","CONTROL",70,8,6.5,0.145339434689752
"S299036","CONTROL",70,8,2.9,-0.074929381211198
"S312604","CONTROL",70,8,3.3,0.313854883004125
"S320144","CONTROL",70,8,3.7,0.0101470336178418
"S331344","CONTROL",70,8,6.6,0.51639695785315
"S337316","CONTROL",70,8,6.1,0.0914937841080801
"S34288","CONTROL",70,8,5.7,0.207779122763056
"S345504","CONTROL",70,8,5.2,0.661774607458652
"S346580","CONTROL",70,8,3.9,0.624049081962278
"S371276","CONTROL",70,8,4.4,0.280185681198308
"S378572","CONTROL",70,8,3.9,0.0941185312064034
"S401784","CONTROL",70,8,4.8,0.790212105314762
"S424424","CONTROL",70,8,5.8,0.205369225026686
"S425752","CONTROL",70,8,6.5,-0.403783481960834
"S458528","CONTROL",70,8,4.1,-0.118517474460845
"S476264","CONTROL",70,8,2,-0.154238731225228
"S493900","CONTROL",70,8,4.9,0.627060859989445
"S517196","CONTROL",70,8,3.8,-0.00709422693556924
"S547912","CONTROL",70,8,3.8,0.256906094599792
"S550104","CONTROL",70,8,4.1,0.315871748985088
"S556552","CONTROL",70,8,3.1,-0.131584686090968
"S591336","CONTROL",70,8,2.3,0.330937358409681
"S600444","CONTROL",70,8,1.3,0.197198936910968
"S647412","CONTROL",70,8,3.5,0.144471413172891
"S700620","CONTROL",70,8,5.9,-0.228401861474025
"S714848","CONTROL",70,8,7.2,0.653512370951184
"S740456","CONTROL",70,8,5.6,0.751963110939643
"S742940","CONTROL",70,8,3.4,-0.0854088884781554
"S853788","CONTROL",70,8,3.8,-0.0317416664949256
"S859252","CONTROL",70,8,5.3,0.893734819628404
"S87776","CONTROL",70,8,6.7,0.366104663079033
"S914816","CONTROL",70,8,3.9,-0.078028129479728
"S967984","CONTROL",70,8,2.7,0.40637483409343
"S97756","CONTROL",70,8,3.8,0.645246116883325
"S979196","CONTROL",70,8,4.9,0.161938015323663
"S99220","CONTROL",70,8,3.6,0.178136724312817
"S100268","GCNB",70,8,5.8,0.472630235161299
"S101426","GCNB",70,8,4.1,0.0412868810010646
"S108206","GCNB",70,8,5.1,0.41298788990596
"S111581","GCNB",70,8,5.8,0.370408959398658
"S112781","GCNB",70,8,3.7,0.342315313982984
"S116638","GCNB",70,8,3.6,-0.162761986140921
"S120038","GCNB",70,8,5.7,0.247983635108105
"S120670","GCNB",70,8,3.3,-0.132995762533728
"S121625","GCNB",70,8,5.4,0.397004694793554
"S122128","GCNB",70,8,3.2,0.49432948132859
"S122977","GCNB",70,8,4.2,0.1085613905115
"S124926","GCNB",70,8,4.1,0.374231376414627
"S125602","GCNB",70,8,4,-0.232368341918655
"S126780","GCNB",70,8,5.6,0.233775938092395
"S127274","GCNB",70,8,5.9,0.142131053625446
"S133325","GCNB",70,8,3.8,0.153509752660451
"S135584","GCNB",70,8,5.6,0.284425518737677
"S137608","GCNB",70,8,5,0.0912920439181557
"S139710","GCNB",70,8,6,-0.0273634807870569
"S147341","GCNB",70,8,6.8,0.0291300995239244
"S147513","GCNB",70,8,4.1,0.00345857231932958
"S150595","GCNB",70,8,5.1,0.0567354083826526
"S154306","GCNB",70,8,5.8,0.131395243096125
"S157684","GCNB",70,8,4.3,0.0842642464574177
"S158868","GCNB",70,8,6.7,0.719592078819799
"S162928","GCNB",70,8,6.5,0.831636927305633
"S164665","GCNB",70,8,4.4,0.338179394092878
"S165163","GCNB",70,8,5.9,-0.106993718769649
"S165861","GCNB",70,8,4.9,0.5725505517464
"S168489","GCNB",70,8,3.3,0.602620659537576
"S169936","GCNB",70,8,4.4,0.0356705767260554
"S170565","GCNB",70,8,6.3,0.552554800382462
"S172340","GCNB",70,8,4.9,-0.0106722816986918
"S173118","GCNB",70,8,4.5,-0.195137985971105
"S175338","GCNB",70,8,6.2,0.147261052326058
"S176867","GCNB",70,8,5.7,0.669436750666104
"S179843","GCNB",70,8,2.4,0.181960285333754
"S183974","GCNB",70,8,6.2,0.333124257509647
"S185803","GCNB",70,8,5.3,0.0063601787242333
"S189376","GCNB",70,8,5.3,-0.112278299186464
"S191428","GCNB",70,8,7.4,0.432421548047299
"S194355","GCNB",70,8,5,0.0972686552741889
"S196126","GCNB",70,8,6.3,0.892244552264731
"S21298","GCNB",70,8,3.2,0.434375885227783
"S219146","GCNB",70,8,6.5,0.465142055650075
"S27790","GCNB",70,8,5.6,-0.224949959359275
"S313330","GCNB",70,8,5.6,-0.0808933821742451
"S365962","GCNB",70,8,2.8,0.899073447618314
"S382422","GCNB",70,8,3.5,-0.249745171173432
"S38498","GCNB",70,8,5,-0.0663838973701281
"S415834","GCNB",70,8,4.9,0.388539234186301
"S42010","GCNB",70,8,3.4,-0.416420007680508
"S42186","GCNB",70,8,2.6,-0.131395243096123
"S49024","GCNB",70,8,5.1,-0.258363289399474
"S515930","GCNB",70,8,4.6,0.0235876647559837
"S522522","GCNB",70,8,5.5,0.516567375267609
"S528178","GCNB",70,8,7.1,0.285289422148902
"S528750","GCNB",70,8,4,0.599212419252749
"S557898","GCNB",70,8,6.1,0.625749088691601
"S559274","GCNB",70,8,5.8,0.17477386224971
"S59401","GCNB",70,8,4.8,0.220414311494504
"S629815","GCNB",70,8,4.7,0.296065257624759
"S670417","GCNB",70,8,4.9,0.35508584296099
"S67246","GCNB",70,8,5.4,-0.179288991042123
"S703286","GCNB",70,8,5,0.51221005486853
"S708454","GCNB",70,8,4,-0.178723003433354
"S7238","GCNB",70,8,6.2,0.373174963908401
"S736774","GCNB",70,8,4.4,-0.0127182808249209
"S740938","GCNB",70,8,3.2,0.252390625865367
"S742526","GCNB",70,8,4.7,0.0475221101317504
"S809282","GCNB",70,8,3.5,0.059487507624003
"S814770","GCNB",70,8,3.5,0.35852159746528
"S817510","GCNB",70,8,4.7,0.513720042228049
"S827814","GCNB",70,8,4.8,-0.136018074384139
"S872282","GCNB",70,8,4.2,0.601748863659296
"S873154","GCNB",70,8,6.5,0.478015071684246
"S888710","GCNB",70,8,5.1,0.307533090678049
"S893382","GCNB",70,8,3.3,0.311513941835971
"S100645","MF",70,8,2.6,0.427918380474021
"S102327","MF",70,8,3.5,0.0422645652430103
"S102624","MF",70,8,8.1,0.452545720350511
"S104332","MF",70,8,5,0.292647227586853
"S104905","MF",70,8,4.8,0.444565739695948
"S106426","MF",70,8,6,0.0234911374491242
"S106590","MF",70,8,3.5,0.114414711650753
"S107841","MF",70,8,6,0.25552389218722
"S110825","MF",70,8,4.7,0.621825637028454
"S111925","MF",70,8,3.5,0.685595621744537
"S112377","MF",70,8,5.7,0.0417840045269409
"S11313","MF",70,8,4.4,0.132655158458657
"S116301","MF",70,8,2.7,0.289175483889069
"S116783","MF",70,8,4.4,-0.133914303645812
"S118113","MF",70,8,4.7,0.446220229823193
"S124057","MF",70,8,5.4,-0.0831000787759505
"S126799","MF",70,8,4.9,0.0705492145716324
"S134698","MF",70,8,4.4,0.565051944845242
"S135698","MF",70,8,5.3,0.0659180578986217
"S138343","MF",70,8,4.2,-0.170673847822861
"S139034","MF",70,8,2.9,0.0211255722629077
"S139222","MF",70,8,6.3,0.675947260338654
"S143665","MF",70,8,4,0.14184936555306
"S146106","MF",70,8,4.1,0.132482227334583
"S147257","MF",70,8,4.2,0.137433799786726
"S152279","MF",70,8,5,0.261040115714677
"S153486","MF",70,8,5.3,0.214815271532141
"S153846","MF",70,8,2.8,-0.143553770877178
"S159064","MF",70,8,3.9,0.359587076537309
"S160715","MF",70,8,4.3,0.267418217935116
"S163836","MF",70,8,3.3,-0.369430676191079
"S165219","MF",70,8,5.3,0.599227830645942
"S165565","MF",70,8,5.1,0.00679519693218079
"S176939","MF",70,8,5.1,-0.073847484804619
"S182590","MF",70,8,4.9,0.0932912624853923
"S183153","MF",70,8,6.1,0.332006056892622
"S186017","MF",70,8,5.4,5.772915782562e-16
"S187171","MF",70,8,2.9,-0.0179155855334799
"S188925","MF",70,8,5.2,0.612717828169769
"S192012","MF",70,8,4,0.379548234417951
"S194097","MF",70,8,8.7,0.324191024137833
"S194645","MF",70,8,6.7,0.510625143207029
"S194863","MF",70,8,2.2,0.0717029390107921
"S197042","MF",70,8,6.7,0.143729766082902
"S198209","MF",70,8,5.4,0.52934183120601
"S20389","MF",70,8,3.9,-0.158541473042547
"S213345","MF",70,8,4.9,0.313097511126627
"S22164","MF",70,8,3.8,0.0499661263103074
"S236477","MF",70,8,6.9,0.0635210197447213
"S267330","MF",70,8,6.1,0.00828961338524976
"S282477","MF",70,8,4.9,0.0686031364308664
"S284973","MF",70,8,6.5,0.899705265673024
"S349627","MF",70,8,6.6,0.108691765857446
"S361734","MF",70,8,2.3,0.0477263709004384
"S387505","MF",70,8,4.2,0.0327871591993469
"S428653","MF",70,8,2.3,0.076474925246533
"S472335","MF",70,8,2.9,-0.0528798309166098
"S496806","MF",70,8,4.1,0.828127025443308
"S562049","MF",70,8,5.7,0.549524305318702
"S570213","MF",70,8,6.6,0.480338905287578
"S575325","MF",70,8,3.5,0.25141859208318
"S600925","MF",70,8,4.3,0.111649047151718
"S602970","MF",70,8,3.8,0.425309377725677
"S615193","MF",70,8,5.2,0.368973699544222
"S615669","MF",70,8,6.3,0.559856202194949
"S616430","MF",70,8,6.3,0.0392927858049746
"S623437","MF",70,8,5.5,0.498439105770189
"S6293","MF",70,8,6.4,0.290229929863898
"S695197","MF",70,8,3.9,-0.0679606067350538
"S709881","MF",70,8,3.8,-0.0335251912044379
"S762444","MF",70,8,3.1,-0.248532051439368
"S767745","MF",70,8,5.4,0.120634725442734
"S791626","MF",70,8,4.7,0.101788053269767
"S798456","MF",70,8,5.6,0.224547386101387
"S816021","MF",70,8,4.7,-0.166936546162
"S858365","MF",70,8,4.8,0.342240754659656
"S914317","MF",70,8,3.1,-0.049041084231398
"S95626","MF",70,8,1,-0.30173764256763
"S956845","MF",70,8,3.3,0.011811877347206
"S992485","MF",70,8,3.6,0.0831342897793469
"S100308","BNB",80,9,4.3,0.277183685925497
"S103286","BNB",80,9,4.8,0.245260296038958
"S107926","BNB",80,9,5.4,0.448756070968449
"S109121","BNB",80,9,4.1,0.0454317390343788
"S109238","BNB",80,9,3.9,0.31026935861283
"S111055","BNB",80,9,5.9,0.292931472472216
"S111258","BNB",80,9,5.2,0.209042522423222
"S112298","BNB",80,9,4.2,0.0849969159935385
"S117554","BNB",80,9,4.8,-0.371477302250068
"S118340","BNB",80,9,3,-0.443835774891594
"S120030","BNB",80,9,4.2,0.0382817840197962
"S122036","BNB",80,9,4.3,0.318455532438323
"S122162","BNB",80,9,4.9,0.41734511722202
"S125394","BNB",80,9,5.1,-0.0130536724641384
"S127607","BNB",80,9,4.4,-0.560556053312897
"S128436","BNB",80,9,5.3,0.480727717444651
"S129051","BNB",80,9,5.5,0.252930732725551
"S133258","BNB",80,9,2.1,0.0596716581298281
"S133476","BNB",80,9,6.3,-0.159445101915304
"S139783","BNB",80,9,6.2,0.461717376525592
"S141110","BNB",80,9,4.6,0.281761581389945
"S141340","BNB",80,9,5.1,-0.133668002203168
"S148875","BNB",80,9,5.2,0.264146332374393
"S150164","BNB",80,9,3.8,-0.0335251912044382
"S151949","BNB",80,9,4,-0.0289227237445295
"S152497","BNB",80,9,6.4,0.759204850703292
"S153814","BNB",80,9,5.2,0.240074181392492
"S154974","BNB",80,9,5.7,0.539581416157807
"S155878","BNB",80,9,5.2,0.536015446209758
"S157145","BNB",80,9,3.5,-0.304445520298677
"S158460","BNB",80,9,3.4,-0.105366122910448
"S160116","BNB",80,9,5.3,0.246552235477783
"S165922","BNB",80,9,6.1,0.209388000256218
"S166180","BNB",80,9,3.1,0.161534856520638
"S166469","BNB",80,9,2.4,-0.0578160615554702
"S167584","BNB",80,9,4.8,0.295549749166696
"S168318","BNB",80,9,4.5,0.0466979423883268
"S169734","BNB",80,9,3.2,0.311753586672553
"S170685","BNB",80,9,4.2,-0.248653116684144
"S173721","BNB",80,9,6.9,-0.054553280931974
"S173838","BNB",80,9,4.8,0.468288985233917
"S178112","BNB",80,9,4.9,0.452584605180716
"S178377","BNB",80,9,5.7,0.271791170156037
"S178608","BNB",80,9,5.1,0.0111417713997831
"S186028","BNB",80,9,5.2,0.116799197624414
"S186663","BNB",80,9,4.9,0.996888693071699
"S189738","BNB",80,9,6.1,0.151034379834778
"S190971","BNB",80,9,3.9,0.222322654838467
"S192386","BNB",80,9,3.9,-0.0212573240414795
"S193331","BNB",80,9,2.3,-0.384200338669007
"S194682","BNB",80,9,4.8,0.00784983232955205
"S196939","BNB",80,9,6.2,0.018947955903952
"S197188","BNB",80,9,5.9,0.339613712626033
"S197761","BNB",80,9,4,-0.0437554101741044
"S199274","BNB",80,9,6.2,0.34902307793834
"S199712","BNB",80,9,3.3,0.135096361790766
"S221427","BNB",80,9,7.5,0.274472110148218
"S222845","BNB",80,9,2.7,0.209436784220359
"S232880","BNB",80,9,6.3,0.748766718375154
"S237727","BNB",80,9,4.5,-0.398428241074291
"S263935","BNB",80,9,1.9,-0.0438219859802151
"S265251","BNB",80,9,4.8,0.486758286627978
"S299875","BNB",80,9,5.4,0.552114255092105
"S318311","BNB",80,9,3.3,0.24840782528821
"S351463","BNB",80,9,7.3,0.599333514300967
"S351739","BNB",80,9,5.7,0.889186038870103
"S356783","BNB",80,9,5.4,0.615244559649735
"S357531","BNB",80,9,6.3,0.748097824902061
"S359815","BNB",80,9,3.6,0.141444416640513
"S370367","BNB",80,9,4.3,0.634906693046891
"S407465","BNB",80,9,3.6,0.266200186817581
"S409611","BNB",80,9,4.7,0.782434368786291
"S421791","BNB",80,9,2,-0.388354871778673
"S426279","BNB",80,9,4.8,-0.0530303902443273
"S443739","BNB",80,9,4.2,0.37320531051373
"S450951","BNB",80,9,2.8,0.189579566422286
"S466283","BNB",80,9,4.1,-0.034772804881435
"S513236","BNB",80,9,7.9,0.60303860301986
"S597823","BNB",80,9,2.7,-0.130204201882788
"S601451","BNB",80,9,4.5,-1.23236382036651e-15
"S701547","BNB",80,9,3.7,0.0369664062736518
"S703335","BNB",80,9,4.7,0.604200104499831
"S749123","BNB",80,9,4.1,0.276435793285082
"S7529","BNB",80,9,4.2,0.0975637045499293
"S769971","BNB",80,9,5.4,0.199521147871496
"S805681","BNB",80,9,3.8,-0.0760328300377295
"S83419","BNB",80,9,4.3,-0.298264418265536
"S8519","BNB",80,9,4.5,0.463398473059968
"S929127","BNB",80,9,1.9,-0.130979264351166
"S930399","BNB",80,9,3.7,0.234866972458421
"S930683","BNB",80,9,4.2,0.947750905991484
"S93491","BNB",80,9,4.2,0.00564201610701752
"S982891","BNB",80,9,7.5,0.493864088754651
"S101436","CONTROL",80,9,4.7,0.678075457059166
"S103836","CONTROL",80,9,6.2,0.163392882068898
"S103948","CONTROL",80,9,5,-0.0197944068182091
"S104466","CONTROL",80,9,5.4,0.434127433483754
"S105714","CONTROL",80,9,4.1,0.394296009278072
"S107615","CONTROL",80,9,2.1,-0.077860183563645
"S111200","CONTROL",80,9,6.6,0.26223980645266
"S112557","CONTROL",80,9,4,0.105787357904442
"S114076","CONTROL",80,9,4.3,0.0498714265389846
"S117646","CONTROL",80,9,6.9,0.581738948298218
"S121049","CONTROL",80,9,7.2,0.692086903106361
"S127067","CONTROL",80,9,5.6,0.0253962977766825
"S128865","CONTROL",80,9,2.8,-0.577950800961574
"S128920","CONTROL",80,9,4.8,0.494267037588558
"S130610","CONTROL",80,9,3.9,0.0120668763990443
"S133456","CONTROL",80,9,5.9,0.209925910945405
"S133815","CONTROL",80,9,2.5,-0.408195875568086
"S134059","CONTROL",80,9,3,-0.317925049566578
"S139912","CONTROL",80,9,4.9,0.362349592884087
"S146367","CONTROL",80,9,4.9,0.0365147915890678
"S151372","CONTROL",80,9,4.7,0.562701453612512
"S155197","CONTROL",80,9,4.4,0.00838285492192456
"S156430","CONTROL",80,9,6,0.0515421452504836
"S159029","CONTROL",80,9,5.8,0.594112736518911
"S159566","CONTROL",80,9,5.8,0.205454416637287
"S166476","CONTROL",80,9,4.3,-0.0734280852186811
"S166785","CONTROL",80,9,6.7,-0.029088267518501
"S169612","CONTROL",80,9,6.2,0.555613439097987
"S170151","CONTROL",80,9,5,0.237935688576082
"S170500","CONTROL",80,9,4.4,0.550949136129464
"S172752","CONTROL",80,9,4.9,0.74364546063525
"S173400","CONTROL",80,9,5.5,0.424200658788513
"S173566","CONTROL",80,9,3.9,-0.213250599894758
"S174250","CONTROL",80,9,4.6,0.295923807070079
"S175492","CONTROL",80,9,5.9,-0.143436257405046
"S176552","CONTROL",80,9,4.7,0.0669058533914133
"S177092","CONTROL",80,9,5.9,0.225780813112945
"S177540","CONTROL",80,9,5.4,0.448533807180523
"S178208","CONTROL",80,9,5.4,0.561659961231689
"S178617","CONTROL",80,9,3.6,-0.124075860688142
"S184178","CONTROL",80,9,1.4,-0.162767376497942
"S187259","CONTROL",80,9,4,0.102921370725385
"S190265","CONTROL",80,9,4.9,-0.0455072375884048
"S192073","CONTROL",80,9,5.3,0.481151257429575
"S195050","CONTROL",80,9,5.6,0.168864944623102
"S25876","CONTROL",80,9,6.7,0.345181157388163
"S299036","CONTROL",80,9,3.1,0.108231328416176
"S312604","CONTROL",80,9,3.2,0.233566424561209
"S320144","CONTROL",80,9,3.4,-0.324705075770908
"S331344","CONTROL",80,9,6.9,0.791253403162083
"S337316","CONTROL",80,9,6.2,0.163381757335858
"S34288","CONTROL",80,9,5.5,-0.0207779122763057
"S345504","CONTROL",80,9,4.9,0.495068026953801
"S346580","CONTROL",80,9,4.1,0.797834902255571
"S371276","CONTROL",80,9,4.7,0.650030780380072
"S378572","CONTROL",80,9,4.2,0.315969354764354
"S401784","CONTROL",80,9,4.5,0.509814261493395
"S424424","CONTROL",80,9,6.2,0.635666648892125
"S425752","CONTROL",80,9,6.8,-0.0865250318487496
"S458528","CONTROL",80,9,4.4,0.237034948921693
"S476264","CONTROL",80,9,2.1,0.0881364178429888
"S493900","CONTROL",80,9,4.8,0.573172817334104
"S517196","CONTROL",80,9,3.4,-0.319240212100602
"S547912","CONTROL",80,9,4.3,0.593330742289996
"S550104","CONTROL",80,9,4.2,0.407308307901823
"S556552","CONTROL",80,9,3.5,0.173137744856536
"S591336","CONTROL",80,9,2.2,0.235139702027932
"S600444","CONTROL",80,9,1.4,0.438219859802151
"S647412","CONTROL",80,9,3.8,0.298263562679517
"S700620","CONTROL",80,9,6.3,0.190334884561688
"S714848","CONTROL",80,9,7.6,0.858901973250127
"S740456","CONTROL",80,9,5.1,0.28726680642638
"S742940","CONTROL",80,9,3.5,0.0085408888478155
"S853788","CONTROL",80,9,3.8,-0.0317416664949257
"S859252","CONTROL",80,9,4.1,0.0326180591105261
"S87776","CONTROL",80,9,7.1,0.648711771420742
"S914816","CONTROL",80,9,4,-0.024383790462415
"S967984","CONTROL",80,9,2.4,0.138167443591766
"S97756","CONTROL",80,9,4.1,0.844247255735193
"S979196","CONTROL",80,9,5.5,0.607267557463737
"S99220","CONTROL",80,9,4.7,0.691340144356885
"S100268","GCNB",80,9,3.4,-0.337593025115212
"S101426","GCNB",80,9,4,-0.0722520417518605
"S108206","GCNB",80,9,5.8,0.622198860450426
"S111581","GCNB",80,9,5.8,0.370408959398658
"S112781","GCNB",80,9,3.7,0.342315313982983
"S116638","GCNB",80,9,4.1,0.100529462028215
"S120038","GCNB",80,9,5.6,0.129382766143359
"S120670","GCNB",80,9,3,-0.295546138963839
"S121625","GCNB",80,9,4.9,0.0269155725283778
"S122128","GCNB",80,9,2.7,0.0486225719339605
"S122977","GCNB",80,9,3.6,-0.339254345348436
"S124926","GCNB",80,9,4.6,0.695836465520947
"S125602","GCNB",80,9,4.1,-0.161366904110177
"S126780","GCNB",80,9,5.2,-0.0111321875282087
"S127274","GCNB",80,9,6.4,0.601966815354823
"S133325","GCNB",80,9,4.4,0.558775499684042
"S135584","GCNB",80,9,5.4,0.0758468049967137
"S137608","GCNB",80,9,4.7,-0.0859219236876743
"S139710","GCNB",80,9,6.2,0.0930358346759956
"S147341","GCNB",80,9,6.6,-0.131085447857654
"S147513","GCNB",80,9,3.9,-0.0726300187059388
"S150595","GCNB",80,9,5.6,0.316772696803143
"S154306","GCNB",80,9,5.7,-0.029198942910247
"S157684","GCNB",80,9,4.1,-0.121715022660716
"S158868","GCNB",80,9,6.2,0.356495158314395
"S162928","GCNB",80,9,5.6,0.495587719945397
"S164665","GCNB",80,9,5.3,0.723004221853739
"S165163","GCNB",80,9,5.7,-0.577766081356102
"S165861","GCNB",80,9,4.6,0.369387452739613
"S168489","GCNB",80,9,3.1,0.448461886167499
"S169936","GCNB",80,9,4.4,0.0356705767260554
"S170565","GCNB",80,9,6.2,0.471513429659701
"S172340","GCNB",80,9,5.3,0.458908113043717
"S173118","GCNB",80,9,4.5,-0.195137985971106
"S175338","GCNB",80,9,6.1,0.031555939784156
"S176867","GCNB",80,9,4.6,0.231588929960165
"S179843","GCNB",80,9,2.7,0.375659943914847
"S183974","GCNB",80,9,5.6,-0.134667253035813
"S185803","GCNB",80,9,5.4,0.076322144690802
"S189376","GCNB",80,9,5.7,0.267740559598491
"S191428","GCNB",80,9,7.6,0.572322637121426
"S194355","GCNB",80,9,5.3,0.266208951276726
"S196126","GCNB",80,9,5.3,0.479862616344058
"S21298","GCNB",80,9,3.5,0.645175947176561
"S219146","GCNB",80,9,6.3,0.358547001230266
"S27790","GCNB",80,9,5.8,-0.0599866558291408
"S313330","GCNB",80,9,6.4,0.427579305778147
"S365962","GCNB",80,9,2.5,0.541610510613442
"S382422","GCNB",80,9,3.4,-0.320186116889015
"S38498","GCNB",80,9,5.4,0.158300062959532
"S415834","GCNB",80,9,4.5,0.0396468606312565
"S42010","GCNB",80,9,3.4,-0.416420007680508
"S42186","GCNB",80,9,2.9,0.0291989429102486
"S49024","GCNB",80,9,5.5,0.0968862335248019
"S515930","GCNB",80,9,4.9,0.412784133229724
"S522522","GCNB",80,9,5.5,0.516567375267608
"S528178","GCNB",80,9,7.6,0.791448074348568
"S528750","GCNB",80,9,3.9,0.496222784693684
"S557898","GCNB",80,9,6,0.544769794860924
"S559274","GCNB",80,9,6,0.367025110724391
"S59401","GCNB",80,9,4.8,0.220414311494504
"S629815","GCNB",80,9,5.1,0.520666487546991
"S670417","GCNB",80,9,4.6,0.0104437012635585
"S67246","GCNB",80,9,6,0.215146789250546
"S703286","GCNB",80,9,3.9,-0.243612099266741
"S708454","GCNB",80,9,4.2,-0.0476594675822276
"S7238","GCNB",80,9,6.2,0.373174963908401
"S736774","GCNB",80,9,5.2,0.546886075471585
"S740938","GCNB",80,9,4,0.794107091137373
"S742526","GCNB",80,9,4.5,-0.101833093139465
"S809282","GCNB",80,9,4.2,0.632054768505028
"S814770","GCNB",80,9,3.3,0.215112958479168
"S817510","GCNB",80,9,4.8,0.590083832288976
"S827814","GCNB",80,9,4.8,-0.136018074384139
"S872282","GCNB",80,9,4,0.429820616899497
"S873154","GCNB",80,9,6.5,0.478015071684246
"S888710","GCNB",80,9,4.8,0.0473127831812374
"S893382","GCNB",80,9,2.9,-0.196138407822647
"S100645","MF",80,9,2.1,-0.244524788842298
"S102327","MF",80,9,3.8,0.158492119661289
"S102624","MF",80,9,8.4,0.668980630083364
"S104332","MF",80,9,4.1,-0.253995706962174
"S104905","MF",80,9,4.5,0.275937355673346
"S106426","MF",80,9,5.5,-0.407179715784825
"S106590","MF",80,9,3.3,-0.033651385779634
"S107841","MF",80,9,6,0.255523892187219
"S110825","MF",80,9,4,-0.0431823359047542
"S111925","MF",80,9,3.3,0.544632035965287
"S112377","MF",80,9,6.1,0.501408054323288
"S11313","MF",80,9,4.5,0.205615495610919
"S116301","MF",80,9,2.2,-0.165243133650895
"S116783","MF",80,9,4.1,-0.393865598958267
"S118113","MF",80,9,4.5,0.32794498818331
"S124057","MF",80,9,5.7,0.0612316369928069
"S126799","MF",80,9,4.8,-0.0070549214571636
"S134698","MF",80,9,4.4,0.565051944845242
"S135698","MF",80,9,5.5,0.177471694342443
"S138343","MF",80,9,4.2,-0.170673847822861
"S139034","MF",80,9,4.9,0.685072129097115
"S139222","MF",80,9,6.5,0.768312724484308
"S143665","MF",80,9,3.8,0.0262684010283438
"S146106","MF",80,9,3.8,-0.0356682919746959
"S147257","MF",80,9,4.7,0.321796214134773
"S152279","MF",80,9,5,0.261040115714678
"S153486","MF",80,9,5.3,0.214815271532141
"S153846","MF",80,9,2.8,-0.143553770877178
"S159064","MF",80,9,3.7,0.198139817683824
"S160715","MF",80,9,3.9,-0.100281831725669
"S163836","MF",80,9,3.3,-0.369430676191078
"S165219","MF",80,9,5.1,0.487507387644156
"S165565","MF",80,9,5.7,0.455278194456093
"S176939","MF",80,9,5.8,0.636934556439844
"S182590","MF",80,9,4.9,0.0932912624853919
"S183153","MF",80,9,5.9,0.169691984634007
"S186017","MF",80,9,5.6,0.126981338609379
"S187171","MF",80,9,2.9,-0.0179155855334796
"S188925","MF",80,9,5,0.470825278488349
"S192012","MF",80,9,3.3,-0.0440055923962846
"S194097","MF",80,9,8.8,0.391475953675874
"S194645","MF",80,9,7,0.762127079413477
"S194863","MF",80,9,2,-0.0409731080061674
"S197042","MF",80,9,6.2,-0.272330083104446
"S198209","MF",80,9,5.1,0.354659026908027
"S20389","MF",80,9,4.3,0.0594530523909541
"S213345","MF",80,9,5.6,0.647937904970381
"S22164","MF",80,9,3.9,0.111035836245129
"S236477","MF",80,9,6.5,-0.402299791716568
"S267330","MF",80,9,6.1,0.00828961338524978
"S282477","MF",80,9,5.5,0.480221955016061
"S284973","MF",80,9,5.2,-0.0394031503214464
"S349627","MF",80,9,6.9,0.307960003262765
"S361734","MF",80,9,2.6,0.310221410852847
"S387505","MF",80,9,5.1,0.573775285988563
"S428653","MF",80,9,2.5,0.263413631404726
"S472335","MF",80,9,3.7,0.611895186320774
"S496806","MF",80,9,4.3,0.962088750147373
"S562049","MF",80,9,5.9,0.700643489281345
"S570213","MF",80,9,6.8,0.726093694039363
"S575325","MF",80,9,3,-0.0628546480207953
"S600925","MF",80,9,4.3,0.111649047151718
"S602970","MF",80,9,3.8,0.425309377725676
"S615193","MF",80,9,4.1,-0.127090940954121
"S615669","MF",80,9,5.8,0.159958914912844
"S616430","MF",80,9,6.8,0.579568590623383
"S623437","MF",80,9,5.5,0.498439105770189
"S6293","MF",80,9,6.5,0.355383587588446
"S695197","MF",80,9,4.1,0.0679606067350536
"S709881","MF",80,9,3.4,-0.328546873803489
"S762444","MF",80,9,3.5,0.0730976621880495
"S767745","MF",80,9,5.3,0.0603173627213671
"S791626","MF",80,9,5.3,0.496965201258273
"S798456","MF",80,9,5.5,0.162796854923506
"S816021","MF",80,9,4.4,-0.311907757302685
"S858365","MF",80,9,4.8,0.342240754659656
"S914317","MF",80,9,3.5,0.220684879041286
"S95626","MF",80,9,1.4,0.397023213904777
"S956845","MF",80,9,3.8,0.33663850439536
"S992485","MF",80,9,3.3,-0.259794655560463
"S100308","BNB",90,10,4.7,0.453938500138858
"S103286","BNB",90,10,4.8,0.245260296038958
"S107926","BNB",90,10,5,0.260705907895957
"S109121","BNB",90,10,3.9,-0.0973537265022393
"S109238","BNB",90,10,4.2,0.537800221595573
"S111055","BNB",90,10,6.7,0.798381856345844
"S111258","BNB",90,10,5.8,0.572116377158291
"S112298","BNB",90,10,3.8,-0.164327370920842
"S117554","BNB",90,10,6.1,0.808995013789039
"S118340","BNB",90,10,4.8,0.829779926971242
"S120030","BNB",90,10,4.8,0.290941558550445
"S122036","BNB",90,10,4.6,0.542051970107784
"S122162","BNB",90,10,5.1,0.581302127559241
"S125394","BNB",90,10,5.1,-0.0130536724641381
"S127607","BNB",90,10,5.2,0.00644317302658561
"S128436","BNB",90,10,4.9,0.262665660047077
"S129051","BNB",90,10,6,0.68765542959759
"S133258","BNB",90,10,2.6,0.387865777843884
"S133476","BNB",90,10,6.7,0.159445101915303
"S139783","BNB",90,10,6.1,0.389161788785856
"S141110","BNB",90,10,4.7,0.343749129295734
"S141340","BNB",90,10,5.6,0.274762004528734
"S148875","BNB",90,10,4.6,-0.182870537797656
"S150164","BNB",90,10,4.5,0.482762753343901
"S151949","BNB",90,10,4,-0.0289227237445287
"S152497","BNB",90,10,5.7,0.130615888293039
"S153814","BNB",90,10,4.9,0.0137185246509995
"S154974","BNB",90,10,5.5,0.409133161702074
"S155878","BNB",90,10,5,0.339476449266181
"S157145","BNB",90,10,4.5,0.304445520298676
"S158460","BNB",90,10,3.2,-0.227369002069913
"S160116","BNB",90,10,4.6,-0.075219326077967
"S165922","BNB",90,10,6.1,0.209388000256216
"S166180","BNB",90,10,3.1,0.161534856520638
"S166469","BNB",90,10,3,0.323769944710632
"S167584","BNB",90,10,5.6,0.708381144828112
"S168318","BNB",90,10,4.9,0.457639835405599
"S169734","BNB",90,10,4.1,1.34054042269198
"S170685","BNB",90,10,4.6,0.0181941304890834
"S173721","BNB",90,10,7.2,0.30549837321906
"S173838","BNB",90,10,4.3,0.242360088849132
"S178112","BNB",90,10,5.1,0.644062707372559
"S178377","BNB",90,10,5.7,0.271791170156037
"S178608","BNB",90,10,5.5,0.256260742195017
"S186028","BNB",90,10,5.6,0.583995988122072
"S186663","BNB",90,10,4.4,0.178547228609856
"S189738","BNB",90,10,6.4,0.3587066521076
"S190971","BNB",90,10,4.5,0.608462002715805
"S192386","BNB",90,10,4.7,0.602290847841897
"S193331","BNB",90,10,3.7,0.554956044744123
"S194682","BNB",90,10,5.1,0.266894299204774
"S196939","BNB",90,10,6.4,0.227375470847414
"S197188","BNB",90,10,6.4,0.650926282533231
"S197761","BNB",90,10,3.3,-0.525064922089261
"S199274","BNB",90,10,6.1,0.272238000791906
"S199712","BNB",90,10,3.7,0.53137902304368
"S221427","BNB",90,10,7.4,0.220557945654817
"S222845","BNB",90,10,4.7,1.09551548669111
"S232880","BNB",90,10,6.2,0.68287524715814
"S237727","BNB",90,10,4.2,-0.546160060798467
"S263935","BNB",90,10,2.3,0.231630497323995
"S265251","BNB",90,10,4.6,0.367772927674472
"S299875","BNB",90,10,5.5,0.632025528855436
"S318311","BNB",90,10,3.4,0.322258800373892
"S351463","BNB",90,10,7.2,0.405431494968301
"S351739","BNB",90,10,5.7,0.889186038870103
"S356783","BNB",90,10,5.2,0.439460399749811
"S357531","BNB",90,10,5.7,0.318754725393053
"S359815","BNB",90,10,4.4,0.682623054221609
"S370367","BNB",90,10,3.9,0.126981338609378
"S407465","BNB",90,10,3.3,0.103522294873503
"S409611","BNB",90,10,4.3,0.32944605001528
"S421791","BNB",90,10,2.5,0.0304592056296997
"S426279","BNB",90,10,5,0.0765994525751377
"S443739","BNB",90,10,4.9,0.741625937559336
"S450951","BNB",90,10,2.4,-0.17309438673339
"S466283","BNB",90,10,3.5,-0.362630679477813
"S513236","BNB",90,10,7.9,0.60303860301986
"S597823","BNB",90,10,3,0.0566105225577335
"S601451","BNB",90,10,5.3,0.467269898516337
"S701547","BNB",90,10,4.5,0.39841571206047
"S703335","BNB",90,10,4.8,0.672018483576342
"S749123","BNB",90,10,5.2,0.783234747641066
"S7529","BNB",90,10,4.7,0.265251321745119
"S769971","BNB",90,10,5.2,0.0579254945433366
"S805681","BNB",90,10,4.8,0.521367977401576
"S83419","BNB",90,10,5.4,0.581979352713239
"S8519","BNB",90,10,4.4,0.394514916253757
"S929127","BNB",90,10,2.2,0.177757573048013
"S930399","BNB",90,10,2.9,-0.224428440349156
"S930683","BNB",90,10,3.4,0.384223340266817
"S93491","BNB",90,10,3.8,-0.242606692601742
"S982891","BNB",90,10,7.4,0.440076910771472
"S101436","CONTROL",90,10,4.8,0.75049128257034
"S103836","CONTROL",90,10,5.9,-0.0105414762625081
"S103948","CONTROL",90,10,5.8,0.415682543182375
"S104466","CONTROL",90,10,5.4,0.434127433483754
"S105714","CONTROL",90,10,4.8,0.917757952629996
"S107615","CONTROL",90,10,2.5,0.302789602747514
"S111200","CONTROL",90,10,6.4,0.13111990322633
"S112557","CONTROL",90,10,4,0.105787357904442
"S114076","CONTROL",90,10,4.4,0.104729995731865
"S117646","CONTROL",90,10,6.9,0.581738948298217
"S121049","CONTROL",90,10,6.4,0.244265965802245
"S127067","CONTROL",90,10,4.8,-0.42157854309295
"S128865","CONTROL",90,10,4.2,0.117396256445319
"S128920","CONTROL",90,10,4.5,0.361658807991628
"S130610","CONTROL",90,10,4.2,0.211170336983246
"S133456","CONTROL",90,10,6.3,0.452998018355876
"S133815","CONTROL",90,10,3.3,0.127941990849699
"S134059","CONTROL",90,10,3.8,0.181671456895187
"S139912","CONTROL",90,10,5,0.473067524043114
"S146367","CONTROL",90,10,5.2,0.208655951937533
"S151372","CONTROL",90,10,4.9,0.668508564548197
"S155197","CONTROL",90,10,4.9,0.46943987562772
"S156430","CONTROL",90,10,6,0.0515421452504836
"S159029","CONTROL",90,10,5.6,0.407391590755825
"S159566","CONTROL",90,10,5.8,0.205454416637286
"S166476","CONTROL",90,10,5.2,0.532353617835437
"S166785","CONTROL",90,10,6.7,-0.029088267518501
"S169612","CONTROL",90,10,6.3,0.640498825626846
"S170151","CONTROL",90,10,4.4,-0.198279740480067
"S170500","CONTROL",90,10,4.8,0.773350622273468
"S172752","CONTROL",90,10,3.8,0.147744131252036
"S173400","CONTROL",90,10,5.6,0.507525788193399
"S173566","CONTROL",90,10,4.5,0.240766806332793
"S174250","CONTROL",90,10,4.9,0.456013735485041
"S175492","CONTROL",90,10,6.2,0.0819635756600263
"S176552","CONTROL",90,10,4.7,0.0669058533914131
"S177092","CONTROL",90,10,6,0.291138416908798
"S177540","CONTROL",90,10,4.9,0.0569566739276853
"S178208","CONTROL",90,10,6.2,0.866759199431619
"S178617","CONTROL",90,10,3.7,-0.0694824819853598
"S184178","CONTROL",90,10,1.6,0.112685106806268
"S187259","CONTROL",90,10,4.5,0.360224797538848
"S190265","CONTROL",90,10,4.8,-0.0955651989356506
"S192073","CONTROL",90,10,5,0.334132817659427
"S195050","CONTROL",90,10,5.5,0.126648708467326
"S25876","CONTROL",90,10,6.5,0.145339434689753
"S299036","CONTROL",90,10,3.4,0.382972392857237
"S312604","CONTROL",90,10,2.9,-0.00729895076753686
"S320144","CONTROL",90,10,3.2,-0.547939815363407
"S331344","CONTROL",90,10,5.9,-0.124934747867697
"S337316","CONTROL",90,10,6.3,0.235269730563635
"S34288","CONTROL",90,10,5.3,-0.249334947315668
"S345504","CONTROL",90,10,4.4,0.217223726112382
"S346580","CONTROL",90,10,3.5,0.276477441375694
"S371276","CONTROL",90,10,4.4,0.280185681198308
"S378572","CONTROL",90,10,3.9,0.0941185312064031
"S401784","CONTROL",90,10,3.9,-0.0509814261493398
"S424424","CONTROL",90,10,5.2,-0.440076910771473
"S425752","CONTROL",90,10,6.4,-0.509536298664862
"S458528","CONTROL",90,10,4.3,0.118517474460846
"S476264","CONTROL",90,10,2.1,0.0881364178429885
"S493900","CONTROL",90,10,4.7,0.519284774678759
"S517196","CONTROL",90,10,3.2,-0.47531320468312
"S547912","CONTROL",90,10,4.1,0.458760883213914
"S550104","CONTROL",90,10,3.9,0.132998631151615
"S556552","CONTROL",90,10,3.7,0.325498960330287
"S591336","CONTROL",90,10,2.2,0.235139702027932
"S600444","CONTROL",90,10,1.5,0.679240782693334
"S647412","CONTROL",90,10,4,0.400791662350601
"S700620","CONTROL",90,10,6.3,0.190334884561689
"S714848","CONTROL",90,10,7.1,0.602164970376448
"S740456","CONTROL",90,10,5,0.194327545523726
"S742940","CONTROL",90,10,3.7,0.196440443499757
"S853788","CONTROL",90,10,3.5,-0.293610415078054
"S859252","CONTROL",90,10,4.7,0.463176439369465
"S87776","CONTROL",90,10,6.8,0.43675644016446
"S914816","CONTROL",90,10,4.1,0.0292605485548971
"S967984","CONTROL",90,10,2.5,0.227569907092321
"S97756","CONTROL",90,10,3.7,0.578912403932702
"S979196","CONTROL",90,10,5.3,0.458824376750379
"S99220","CONTROL",90,10,4.9,0.784649857092171
"S100268","GCNB",90,10,5,0.202555815069128
"S101426","GCNB",90,10,4.6,0.608981494765689
"S108206","GCNB",90,10,5.6,0.562424297437721
"S111581","GCNB",90,10,5.9,0.493878612531544
"S112781","GCNB",90,10,4.1,0.662780714307479
"S116638","GCNB",90,10,4.2,0.153187751662041
"S120038","GCNB",90,10,6.1,0.722387110967088
"S120670","GCNB",90,10,3.6,0.0295546138963844
"S121625","GCNB",90,10,5.3,0.322986870340519
"S122128","GCNB",90,10,3.1,0.405188099449664
"S122977","GCNB",90,10,4.1,0.0339254345348441
"S124926","GCNB",90,10,4.9,0.888799518984739
"S125602","GCNB",90,10,4.1,-0.161366904110177
"S126780","GCNB",90,10,5,-0.133586250338511
"S127274","GCNB",90,10,6.1,0.326065358317197
"S133325","GCNB",90,10,4.7,0.761408373195839
"S135584","GCNB",90,10,5.5,0.180136161867195
"S137608","GCNB",90,10,5.1,0.150363366453433
"S139710","GCNB",90,10,6.5,0.273634807870575
"S147341","GCNB",90,10,7.4,0.50977674166866
"S147513","GCNB",90,10,5.3,0.459990118470939
"S150595","GCNB",90,10,6.1,0.576809985223633
"S154306","GCNB",90,10,5.9,0.291989429102497
"S157684","GCNB",90,10,4.3,0.084264246457417
"S158868","GCNB",90,10,6.1,0.283875774213316
"S162928","GCNB",90,10,5.1,0.308893715856378
"S164665","GCNB",90,10,5.2,0.680245907658088
"S165163","GCNB",90,10,6,0.128392462523578
"S165861","GCNB",90,10,4.4,0.233945386735088
"S168489","GCNB",90,10,3.9,1.06509697964781
"S169936","GCNB",90,10,4.9,0.689631150037082
"S170565","GCNB",90,10,6.5,0.714637541827984
"S172340","GCNB",90,10,5.2,0.341513014358115
"S173118","GCNB",90,10,4.5,-0.195137985971105
"S175338","GCNB",90,10,5.8,-0.315559397841549
"S176867","GCNB",90,10,5,0.390806319307779
"S179843","GCNB",90,10,2.9,0.504793049635575
"S183974","GCNB",90,10,5.5,-0.21263250479339
"S185803","GCNB",90,10,5.9,0.426131974523643
"S189376","GCNB",90,10,5.6,0.172735844902251
"S191428","GCNB",90,10,6.9,0.0826688253619832
"S194355","GCNB",90,10,5,0.0972686552741884
"S196126","GCNB",90,10,4.7,0.232433454791653
"S21298","GCNB",90,10,2.9,0.223575823279006
"S219146","GCNB",90,10,6.1,0.251951946810457
"S27790","GCNB",90,10,6.3,0.352421602996194
"S313330","GCNB",90,10,6.2,0.300461133790049
"S365962","GCNB",90,10,2.5,0.541610510613442
"S382422","GCNB",90,10,3.9,0.0320186116889013
"S38498","GCNB",90,10,5.6,0.270642043124362
"S415834","GCNB",90,10,4.4,-0.0475762327575056
"S42010","GCNB",90,10,3.3,-0.462226208525365
"S42186","GCNB",90,10,2.8,-0.0243324524252076
"S49024","GCNB",90,10,5.4,0.00807385279373298
"S515930","GCNB",90,10,4.9,0.412784133229724
"S522522","GCNB",90,10,4.9,0.0679693914825792
"S528178","GCNB",90,10,7.5,0.690216343908635
"S528750","GCNB",90,10,3.8,0.393233150134617
"S557898","GCNB",90,10,5.9,0.463790501030246
"S559274","GCNB",90,10,6.1,0.463150734961732
"S59401","GCNB",90,10,5,0.400011157897434
"S629815","GCNB",90,10,5.1,0.520666487546991
"S670417","GCNB",90,10,4.7,0.125324415162702
"S67246","GCNB",90,10,6.1,0.280886085965991
"S703286","GCNB",90,10,5.1,0.580921159789918
"S708454","GCNB",90,10,4.2,-0.0476594675822276
"S7238","GCNB",90,10,6.2,0.373174963908402
"S736774","GCNB",90,10,4.5,0.057232263712142
"S740938","GCNB",90,10,3.5,0.45553430034237
"S742526","GCNB",90,10,4.3,-0.251188296410681
"S809282","GCNB",90,10,4.5,0.877440737454039
"S814770","GCNB",90,10,2.8,-0.143408638986112
"S817510","GCNB",90,10,4.5,0.360992462106197
"S827814","GCNB",90,10,4.8,-0.136018074384139
"S872282","GCNB",90,10,4.2,0.601748863659296
"S873154","GCNB",90,10,5.7,-0.106225571485388
"S888710","GCNB",90,10,5.7,0.82797370567167
"S893382","GCNB",90,10,3.1,0.0576877670066624
"S100645","MF",90,10,2.3,0.0244524788842296
"S102327","MF",90,10,4.1,0.274719674079568
"S102624","MF",90,10,8.1,0.452545720350511
"S104332","MF",90,10,4.1,-0.253995706962174
"S104905","MF",90,10,4.5,0.275937355673346
"S106426","MF",90,10,5.8,-0.148777203844455
"S106590","MF",90,10,3.9,0.410546906511526
"S107841","MF",90,10,5.9,0.172854397656059
"S110825","MF",90,10,4.4,0.336822220057079
"S111925","MF",90,10,3.4,0.615113828854912
"S112377","MF",90,10,5.9,0.271596029425115
"S11313","MF",90,10,4.3,0.0596948213063952
"S116301","MF",90,10,3.2,0.743594101429035
"S116783","MF",90,10,4.6,0.0393865598958258
"S118113","MF",90,10,4.7,0.446220229823193
"S124057","MF",90,10,5.7,0.0612316369928078
"S126799","MF",90,10,5.1,0.225757486629226
"S134698","MF",90,10,3.7,0.214172914578439
"S135698","MF",90,10,5.1,-0.0456355785451999
"S138343","MF",90,10,4,-0.281109867002359
"S139034","MF",90,10,4.2,0.452690834205142
"S139222","MF",90,10,6.1,0.583581796192999
"S143665","MF",90,10,3.6,-0.089312563496371
"S146106","MF",90,10,4.4,0.300632746643862
"S147257","MF",90,10,5.9,0.764266008570088
"S152279","MF",90,10,5.5,0.526914307646293
"S153486","MF",90,10,5.1,0.130423557715942
"S153846","MF",90,10,3.5,0.224900907707577
"S159064","MF",90,10,4,0.440310705964053
"S160715","MF",90,10,5,0.91089330484149
"S163836","MF",90,10,4.5,0.501370203402179
"S165219","MF",90,10,4.9,0.37578694464237
"S165565","MF",90,10,5.4,0.231036695694137
"S176939","MF",90,10,5.7,0.535394264833492
"S182590","MF",90,10,5.8,0.606393206155047
"S183153","MF",90,10,5.6,-0.0737791237539167
"S186017","MF",90,10,5.3,-0.0634906693046877
"S187171","MF",90,10,3,0.080620134900654
"S188925","MF",90,10,4.9,0.399879003647638
"S192012","MF",90,10,4,0.379548234417951
"S194097","MF",90,10,8.9,0.458760883213915
"S194645","MF",90,10,6.8,0.594459121942512
"S194863","MF",90,10,3.9,1.02944933865495
"S197042","MF",90,10,7.2,0.559789615270248
"S198209","MF",90,10,5.4,0.52934183120601
"S20389","MF",90,10,3.9,-0.158541473042547
"S213345","MF",90,10,5.7,0.69577224694806
"S22164","MF",90,10,3.8,0.0499661263103073
"S236477","MF",90,10,6.5,-0.402299791716568
"S267330","MF",90,10,6.5,0.373032602336244
"S282477","MF",90,10,5.2,0.274412545723465
"S284973","MF",90,10,6,0.538509721059766
"S349627","MF",90,10,6.7,0.175114511659218
"S361734","MF",90,10,3.2,0.835211490757665
"S387505","MF",90,10,5.1,0.573775285988563
"S428653","MF",90,10,2.2,-0.0169944278325636
"S472335","MF",90,10,3.3,0.279507677702082
"S496806","MF",90,10,4.4,1.02906961249941
"S562049","MF",90,10,5.4,0.322845529374737
"S570213","MF",90,10,6.3,0.111706722159903
"S575325","MF",90,10,2.7,-0.251418592083181
"S600925","MF",90,10,4,-0.063799455515269
"S602970","MF",90,10,4,0.583899315182709
"S615193","MF",90,10,4.2,-0.0819941554542725
"S615669","MF",90,10,6.1,0.399897287282106
"S616430","MF",90,10,6.5,0.255403107732338
"S623437","MF",90,10,5.3,0.388782502500747
"S6293","MF",90,10,5.8,-0.100692016483392
"S695197","MF",90,10,4.1,0.0679606067350542
"S709881","MF",90,10,3.4,-0.328546873803489
"S762444","MF",90,10,3.1,-0.248532051439369
"S767745","MF",90,10,5.9,0.422221539049567
"S791626","MF",90,10,5.3,0.496965201258273
"S798456","MF",90,10,5.7,0.28629791727927
"S816021","MF",90,10,5.1,0.0263584020255793
"S858365","MF",90,10,4.5,0.0598921320654395
"S914317","MF",90,10,2.8,-0.251335556685911
"S95626","MF",90,10,1.6,0.74640364214098
"S956845","MF",90,10,4,0.466569155214621
"S992485","MF",90,10,3.5,-0.0311753586672564
"S100308","BNB",100,11,3.9,0.100428871712136
"S103286","BNB",100,11,4.9,0.345181157388163
"S107926","BNB",100,11,4.8,0.166680826359709
"S109121","BNB",100,11,3.6,-0.311531924807166
"S109238","BNB",100,11,4.3,0.613643842589822
"S111055","BNB",100,11,6.3,0.54565666440903
"S111258","BNB",100,11,6,0.693140995403313
"S112298","BNB",100,11,4.3,0.147327987722134
"S117554","BNB",100,11,5.2,-0.00825505116111259
"S118340","BNB",100,11,4,0.263728503921093
"S120030","BNB",100,11,3.9,-0.0880481032455278
"S122036","BNB",100,11,3.9,0.0203269488790427
"S122162","BNB",100,11,4.9,0.417345117222019
"S125394","BNB",100,11,5,-0.0848488710169022
"S127607","BNB",100,11,4.9,-0.20618153685072
"S128436","BNB",100,11,4.9,0.262665660047077
"S129051","BNB",100,11,5.5,0.25293073272555
"S133258","BNB",100,11,1.7,-0.202883637641416
"S133476","BNB",100,11,6.4,-0.0797225509576527
"S139783","BNB",100,11,5.6,0.0263838500871763
"S141110","BNB",100,11,4.4,0.15778648557837
"S141340","BNB",100,11,5,-0.215354003549547
"S148875","BNB",100,11,5.1,0.189643520679051
"S150164","BNB",100,11,3.7,-0.1072806118542
"S151949","BNB",100,11,4.3,0.28922723744529
"S152497","BNB",100,11,5.8,0.220414311494504
"S153814","BNB",100,11,5.3,0.31552606697299
"S154974","BNB",100,11,4.5,-0.243108110576593
"S155878","BNB",100,11,4.7,0.0446679538508142
"S157145","BNB",100,11,3,-0.608891040597355
"S158460","BNB",100,11,3.3,-0.16636756249018
"S160116","BNB",100,11,4,-0.351023521697183
"S165922","BNB",100,11,6,0.109245913177157
"S166180","BNB",100,11,2.6,-0.167517628984366
"S166469","BNB",100,11,2.7,0.132976941577581
"S167584","BNB",100,11,4.5,0.140737975793665
"S168318","BNB",100,11,4.6,0.149433415642645
"S169734","BNB",100,11,3.3,0.426063235119157
"S170685","BNB",100,11,5.1,0.351753189455618
"S173721","BNB",100,11,7,0.06546393711837
"S173838","BNB",100,11,3.8,0.0164311924643469
"S178112","BNB",100,11,4.7,0.261106502988876
"S178377","BNB",100,11,5.1,0.0260621670012638
"S178608","BNB",100,11,5.3,0.133701256797401
"S186028","BNB",100,11,4.9,-0.23359839524883
"S186663","BNB",100,11,4.3,0.0148789357174884
"S189738","BNB",100,11,6.4,0.358706652107599
"S190971","BNB",100,11,4,0.286679212818023
"S192386","BNB",100,11,3.7,-0.177144367012323
"S193331","BNB",100,11,2.5,-0.250035141038559
"S194682","BNB",100,11,4.8,0.00784983232955206
"S196939","BNB",100,11,6.2,0.018947955903952
"S197188","BNB",100,11,5.9,0.339613712626034
"S197761","BNB",100,11,4,-0.0437554101741047
"S199274","BNB",100,11,6.4,0.502593232231211
"S199712","BNB",100,11,3.1,-0.0630449688356923
"S221427","BNB",100,11,7.7,0.382300439135019
"S222845","BNB",100,11,4,0.785387940826347
"S232880","BNB",100,11,5.7,0.353417891073073
"S237727","BNB",100,11,4.3,-0.496916120890409
"S263935","BNB",100,11,2.2,0.162767376497942
"S265251","BNB",100,11,4.9,0.54625096610473
"S299875","BNB",100,11,5.5,0.632025528855436
"S318311","BNB",100,11,3.3,0.24840782528821
"S351463","BNB",100,11,7.1,0.211529475635635
"S351739","BNB",100,11,5.2,0.277870637146908
"S356783","BNB",100,11,5,0.263676239849887
"S357531","BNB",100,11,5.4,0.104083175638547
"S359815","BNB",100,11,3.9,0.344386405733424
"S370367","BNB",100,11,3.6,-0.253962677218758
"S407465","BNB",100,11,2.7,-0.221833489014652
"S409611","BNB",100,11,4.2,0.216198970322528
"S421791","BNB",100,11,2.9,0.365510467556398
"S426279","BNB",100,11,4.6,-0.182660233063792
"S443739","BNB",100,11,2,-0.784688088772458
"S450951","BNB",100,11,2.2,-0.35443136331123
"S466283","BNB",100,11,4.9,0.402371027913735
"S513236","BNB",100,11,7.4,0.135896023215744
"S597823","BNB",100,11,2.5,-0.254747351509802
"S601451","BNB",100,11,4.6,0.0584087373145424
"S701547","BNB",100,11,4.8,0.533959201730528
"S703335","BNB",100,11,4.1,0.197289830040762
"S749123","BNB",100,11,5.1,0.737162115426885
"S7529","BNB",100,11,3.9,-0.00304886576718506
"S769971","BNB",100,11,5.3,0.128723321207416
"S805681","BNB",100,11,3.7,-0.135772910781662
"S83419","BNB",100,11,5,0.261890708720958
"S8519","BNB",100,11,3.6,-0.156553538195935
"S929127","BNB",100,11,1.9,-0.130979264351166
"S930399","BNB",100,11,3.6,0.177455045857474
"S930683","BNB",100,11,3.2,0.243341448835651
"S93491","BNB",100,11,3.5,-0.42879322413331
"S982891","BNB",100,11,7.8,0.655225622704191
"S101436","CONTROL",100,11,3.7,-0.0460827980525651
"S103836","CONTROL",100,11,6.2,0.163392882068898
"S103948","CONTROL",100,11,5.5,0.252378686932156
"S104466","CONTROL",100,11,5.8,0.794535114111776
"S105714","CONTROL",100,11,4.4,0.618636842143182
"S107615","CONTROL",100,11,2.1,-0.0778601835636446
"S111200","CONTROL",100,11,6.2,1.0544950329594e-16
"S112557","CONTROL",100,11,4.1,0.158681036856663
"S114076","CONTROL",100,11,3.3,-0.498714265389835
"S117646","CONTROL",100,11,6.4,0.319479586360496
"S121049","CONTROL",100,11,6.7,0.41219881729129
"S127067","CONTROL",100,11,5,-0.309834832875541
"S128865","CONTROL",100,11,3.3,-0.329612566173398
"S128920","CONTROL",100,11,5.2,0.671078010384464
"S130610","CONTROL",100,11,3.3,-0.38614004476936
"S133456","CONTROL",100,11,5.3,-0.154682250170299
"S133815","CONTROL",100,11,2.8,-0.207144175661416
"S134059","CONTROL",100,11,2.6,-0.56772330279746
"S139912","CONTROL",100,11,4.7,0.140913730566034
"S146367","CONTROL",100,11,3.7,-0.652049849804792
"S151372","CONTROL",100,11,4.9,0.668508564548198
"S155197","CONTROL",100,11,4.4,0.00838285492192508
"S156430","CONTROL",100,11,5.9,-0.0618505743005752
"S159029","CONTROL",100,11,5.6,0.407391590755825
"S159566","CONTROL",100,11,5.9,0.258012523218918
"S166476","CONTROL",100,11,4.1,-0.20804624145293
"S166785","CONTROL",100,11,6.3,-0.455716191123181
"S169612","CONTROL",100,11,6,0.385842666040269
"S170151","CONTROL",100,11,4.7,0.0198279740480073
"S170500","CONTROL",100,11,4.2,0.439748393057462
"S172752","CONTROL",100,11,3.9,0.201916979377783
"S173400","CONTROL",100,11,5.6,0.507525788193399
"S173566","CONTROL",100,11,3.9,-0.213250599894758
"S174250","CONTROL",100,11,4,-0.0242560497598435
"S175492","CONTROL",100,11,6.1,0.00683029797166889
"S176552","CONTROL",100,11,4.3,-0.117085243434973
"S177092","CONTROL",100,11,6.2,0.421853624500504
"S177540","CONTROL",100,11,5.4,0.448533807180524
"S178208","CONTROL",100,11,4.8,0.332835532581742
"S178617","CONTROL",100,11,3.6,-0.124075860688142
"S184178","CONTROL",100,11,1.5,-0.0250411348458371
"S187259","CONTROL",100,11,4.5,0.360224797538848
"S190265","CONTROL",100,11,4.3,-0.345855005671877
"S192073","CONTROL",100,11,5,0.334132817659426
"S195050","CONTROL",100,11,5.3,0.0422162361557746
"S25876","CONTROL",100,11,6.6,0.245260296038957
"S299036","CONTROL",100,11,3.3,0.29139203804355
"S312604","CONTROL",100,11,3.2,0.233566424561209
"S320144","CONTROL",100,11,3.2,-0.547939815363407
"S331344","CONTROL",100,11,6.5,0.424778142750171
"S337316","CONTROL",100,11,6,0.0196058108803028
"S34288","CONTROL",100,11,5.3,-0.249334947315668
"S345504","CONTROL",100,11,4,-0.00505171456075395
"S346580","CONTROL",100,11,3.3,0.102691621082401
"S371276","CONTROL",100,11,4.2,0.0336222817437975
"S378572","CONTROL",100,11,3.8,0.0201682566870861
"S401784","CONTROL",100,11,3.6,-0.331379269970707
"S424424","CONTROL",100,11,6,0.420517936959405
"S425752","CONTROL",100,11,6.4,-0.509536298664862
"S458528","CONTROL",100,11,4,-0.237034948921691
"S476264","CONTROL",100,11,2.2,0.330511566911206
"S493900","CONTROL",100,11,4.8,0.573172817334102
"S517196","CONTROL",100,11,2.7,-0.865495686139412
"S547912","CONTROL",100,11,4.3,0.593330742289996
"S550104","CONTROL",100,11,4.3,0.498744866818559
"S556552","CONTROL",100,11,3.5,0.173137744856535
"S591336","CONTROL",100,11,1.8,-0.148050923499067
"S600444","CONTROL",100,11,1.2,-0.0438219859802156
"S647412","CONTROL",100,11,2.8,-0.214376935675903
"S700620","CONTROL",100,11,6.1,-0.0190334884561681
"S714848","CONTROL",100,11,6.6,0.345427967502768
"S740456","CONTROL",100,11,4.6,-0.177429498086883
"S742940","CONTROL",100,11,3.4,-0.0854088884781554
"S853788","CONTROL",100,11,3.1,-0.642768746522227
"S859252","CONTROL",100,11,4,-0.0391416709326309
"S87776","CONTROL",100,11,6.6,0.295452885993606
"S914816","CONTROL",100,11,3.4,-0.34624982456629
"S967984","CONTROL",100,11,2.4,0.138167443591766
"S97756","CONTROL",100,11,3.9,0.711579829833947
"S979196","CONTROL",100,11,5.2,0.384602786393699
"S99220","CONTROL",100,11,3.7,0.224791580680459
"S100268","GCNB",100,11,4.5,0.0337593025115222
"S101426","GCNB",100,11,4,-0.0722520417518607
"S108206","GCNB",100,11,6,0.68197342346313
"S111581","GCNB",100,11,5.6,0.123469653132887
"S112781","GCNB",100,11,3.6,0.26219896390186
"S116638","GCNB",100,11,4.7,0.416479199831178
"S120038","GCNB",100,11,5.4,-0.107818971786133
"S120670","GCNB",100,11,3.2,-0.187179221343765
"S121625","GCNB",100,11,4.7,-0.121120076377693
"S122128","GCNB",100,11,2.8,0.137763953812887
"S122977","GCNB",100,11,3.6,-0.339254345348436
"S124926","GCNB",100,11,3.9,0.245589340772099
"S125602","GCNB",100,11,4,-0.232368341918655
"S126780","GCNB",100,11,4.8,-0.256040313148813
"S127274","GCNB",100,11,6.4,0.601966815354823
"S133325","GCNB",100,11,3.8,0.153509752660452
"S135584","GCNB",100,11,5.6,0.284425518737677
"S137608","GCNB",100,11,4.9,0.0322207213828793
"S139710","GCNB",100,11,6.3,0.153235492407522
"S147341","GCNB",100,11,6.2,-0.451516542620813
"S147513","GCNB",100,11,3.9,-0.0726300187059388
"S150595","GCNB",100,11,5.5,0.264765239119045
"S154306","GCNB",100,11,5.5,-0.350387314922991
"S157684","GCNB",100,11,4.3,0.0842642464574167
"S158868","GCNB",100,11,5.9,0.138637006011155
"S162928","GCNB",100,11,6.2,0.71962052485222
"S164665","GCNB",100,11,4.8,0.509212650875483
"S165163","GCNB",100,11,5.7,-0.577766081356102
"S165861","GCNB",100,11,4.5,0.301666419737352
"S168489","GCNB",100,11,3.1,0.448461886167499
"S169936","GCNB",100,11,4.3,-0.0951215379361497
"S170565","GCNB",100,11,5.6,-0.0147347946768657
"S172340","GCNB",100,11,5.3,0.458908113043716
"S173118","GCNB",100,11,4.5,-0.195137985971105
"S175338","GCNB",100,11,6.3,0.262966164867958
"S176867","GCNB",100,11,4.1,0.0325671932756485
"S179843","GCNB",100,11,2.8,0.440226496775212
"S183974","GCNB",100,11,5.9,0.0992285022369164
"S185803","GCNB",100,11,5.6,0.216246076623938
"S189376","GCNB",100,11,5.8,0.362745274294729
"S191428","GCNB",100,11,7.2,0.292520458973173
"S194355","GCNB",100,11,5.3,0.266208951276726
"S196126","GCNB",100,11,5.7,0.644815390712327
"S21298","GCNB",100,11,3.5,0.645175947176561
"S219146","GCNB",100,11,6.4,0.411844528440171
"S27790","GCNB",100,11,6.5,0.517384906526327
"S313330","GCNB",100,11,6,0.173342961801951
"S365962","GCNB",100,11,2.2,0.18414757360857
"S382422","GCNB",100,11,3.8,-0.0384223340266819
"S38498","GCNB",100,11,5.2,0.0459580827947019
"S415834","GCNB",100,11,4.3,-0.134799326146268
"S42010","GCNB",100,11,3.7,-0.279001405145941
"S42186","GCNB",100,11,3.1,0.136261733581164
"S49024","GCNB",100,11,5.1,-0.258363289399474
"S515930","GCNB",100,11,4.9,0.412784133229724
"S522522","GCNB",100,11,4.9,0.0679693914825792
"S528178","GCNB",100,11,7.5,0.690216343908634
"S528750","GCNB",100,11,3.7,0.29024351557555
"S557898","GCNB",100,11,5.9,0.463790501030246
"S559274","GCNB",100,11,6,0.367025110724392
"S59401","GCNB",100,11,4.7,0.13061588829304
"S629815","GCNB",100,11,4.8,0.352215565105317
"S670417","GCNB",100,11,4.3,-0.334198440433872
"S67246","GCNB",100,11,6.7,0.67532186625866
"S703286","GCNB",100,11,4.6,0.237365635182977
"S708454","GCNB",100,11,3.8,-0.30978653928448
"S7238","GCNB",100,11,6.3,0.441590373958274
"S736774","GCNB",100,11,4.3,-0.0826688253619835
"S740938","GCNB",100,11,3.7,0.590963416660371
"S742526","GCNB",100,11,3.5,-0.848609109495543
"S809282","GCNB",100,11,3.9,0.386668799556018
"S814770","GCNB",100,11,2.8,-0.143408638986112
"S817510","GCNB",100,11,4.5,0.360992462106196
"S827814","GCNB",100,11,4.6,-0.435257838029244
"S872282","GCNB",100,11,3.6,0.0859641233798998
"S873154","GCNB",100,11,6.1,0.185894750099429
"S888710","GCNB",100,11,5.5,0.654493500673796
"S893382","GCNB",100,11,2.9,-0.196138407822648
"S100645","MF",100,11,2.2,-0.110036154979034
"S102327","MF",100,11,3.5,0.0422645652430106
"S102624","MF",100,11,7.8,0.236110810617658
"S104332","MF",100,11,4.2,-0.193257603123394
"S104905","MF",100,11,4.8,0.444565739695947
"S106426","MF",100,11,5.4,-0.493313886431614
"S106590","MF",100,11,3.4,0.0403816629355591
"S107841","MF",100,11,5.8,0.0901849031249008
"S110825","MF",100,11,3.6,-0.423186891866587
"S111925","MF",100,11,3.3,0.544632035965286
"S112377","MF",100,11,5.1,-0.647652070167579
"S11313","MF",100,11,4.4,0.132655158458657
"S116301","MF",100,11,1.8,-0.528778027682867
"S116783","MF",100,11,4.1,-0.393865598958267
"S118113","MF",100,11,4.1,0.0913945049035453
"S124057","MF",100,11,4.8,-0.371763510313465
"S126799","MF",100,11,4.5,-0.239867329543553
"S134698","MF",100,11,3.9,0.314424066083241
"S135698","MF",100,11,5.1,-0.0456355785451989
"S138343","MF",100,11,4.7,0.105416200125884
"S139034","MF",100,11,3.6,0.253506867154879
"S139222","MF",100,11,6.5,0.768312724484308
"S143665","MF",100,11,3.9,0.0840588832907021
"S146106","MF",100,11,4.6,0.412733092850048
"S147257","MF",100,11,5,0.432413662743602
"S152279","MF",100,11,5,0.261040115714678
"S153486","MF",100,11,5,0.0882277008078426
"S153846","MF",100,11,3,-0.0382810055672479
"S159064","MF",100,11,4.3,0.682481594244281
"S160715","MF",100,11,4.1,0.083568193104724
"S163836","MF",100,11,4,0.138536503571655
"S165219","MF",100,11,4.6,0.208206280139692
"S165565","MF",100,11,5.4,0.231036695694137
"S176939","MF",100,11,5.9,0.738474848046197
"S182590","MF",100,11,4.7,-0.02073139166342
"S183153","MF",100,11,5.6,-0.0737791237539165
"S186017","MF",100,11,5.3,-0.0634906693046883
"S187171","MF",100,11,2.8,-0.116451305967614
"S188925","MF",100,11,4.8,0.328932728806929
"S192012","MF",100,11,3.5,0.0770097866934969
"S194097","MF",100,11,9,0.526045812751956
"S194645","MF",100,11,7.1,0.845961058148959
"S194863","MF",100,11,1.7,-0.209987178531606
"S197042","MF",100,11,7,0.39336567559531
"S198209","MF",100,11,5.4,0.529341831206011
"S20389","MF",100,11,3.3,-0.485533261192799
"S213345","MF",100,11,4.8,0.265263169148948
"S22164","MF",100,11,3.5,-0.133243003494157
"S236477","MF",100,11,6.3,-0.635210197447212
"S267330","MF",100,11,6.1,0.0082896133852512
"S282477","MF",100,11,5.1,0.205809409292599
"S284973","MF",100,11,5.7,0.321792394291811
"S349627","MF",100,11,7.1,0.440805494866309
"S361734","MF",100,11,2.6,0.310221410852848
"S387505","MF",100,11,4.5,0.213116534795752
"S428653","MF",100,11,2.2,-0.0169944278325632
"S472335","MF",100,11,3.1,0.113313923392736
"S496806","MF",100,11,3.5,0.426241851331114
"S562049","MF",100,11,5.1,0.096166753430773
"S570213","MF",100,11,5.9,-0.379802855343665
"S575325","MF",100,11,2.6,-0.314273240103976
"S600925","MF",100,11,4.1,-0.00531662129293911
"S602970","MF",100,11,3.9,0.504604346454192
"S615193","MF",100,11,3.9,-0.21728451195382
"S615669","MF",100,11,5.7,0.0799794574564217
"S616430","MF",100,11,6.5,0.255403107732336
"S623437","MF",100,11,4.1,-0.269157117115902
"S6293","MF",100,11,5.6,-0.230999331932488
"S695197","MF",100,11,4,2.22044604925031e-16
"S709881","MF",100,11,3.5,-0.254791453153727
"S762444","MF",100,11,3.5,0.07309766218805
"S767745","MF",100,11,5.4,0.120634725442734
"S791626","MF",100,11,5.3,0.496965201258273
"S798456","MF",100,11,5.4,0.101046323745624
"S816021","MF",100,11,5.3,0.123005876119368
"S858365","MF",100,11,4.2,-0.222456490528776
"S914317","MF",100,11,3,-0.116472575049569
"S95626","MF",100,11,1.3,0.222332999786675
"S956845","MF",100,11,3.1,-0.118118773472055
"S992485","MF",100,11,3.6,0.0831342897793476
